file	percent	reads	taxon_id	taxon_name
11478.out	16.917130	92557	547	Bacteria;Proteobacteria;Gammaproteobacteria;Enterobacterales;Enterobacteriaceae;Enterobacter;NA;
11478.out	15.301763	83719	570	Bacteria;Proteobacteria;Gammaproteobacteria;Enterobacterales;Enterobacteriaceae;Klebsiella;NA;
11478.out	3.713445	20317	286	Bacteria;Proteobacteria;Gammaproteobacteria;Pseudomonadales;Pseudomonadaceae;Pseudomonas;NA;
11478.out	2.326364	12728	544	Bacteria;Proteobacteria;Gammaproteobacteria;Enterobacterales;Enterobacteriaceae;Citrobacter;NA;
11478.out	1.706024	9334	469	Bacteria;Proteobacteria;Gammaproteobacteria;Moraxellales;Moraxellaceae;Acinetobacter;NA;
11478.out	1.641687	8982	53335	Bacteria;Proteobacteria;Gammaproteobacteria;Enterobacterales;Erwiniaceae;Pantoea;NA;
11478.out	1.508993	8256	283	Bacteria;Proteobacteria;Betaproteobacteria;Burkholderiales;Comamonadaceae;Comamonas;NA;
11478.out	1.143076	6254	561	Bacteria;Proteobacteria;Gammaproteobacteria;Enterobacterales;Enterobacteriaceae;Escherichia;NA;
11478.out	1.060097	5800	1357	Bacteria;Firmicutes;Bacilli;Lactobacillales;Streptococcaceae;Lactococcus;NA;
11478.out	0.914242	5002	40323	Bacteria;Proteobacteria;Gammaproteobacteria;Xanthomonadales;Xanthomonadaceae;Stenotrophomonas;NA;
11478.out	0.549605	3007	1504576	Bacteria;Proteobacteria;Gammaproteobacteria;Enterobacterales;Enterobacteriaceae;Pseudocitrobacter;NA;
11478.out	0.428425	2344	590	Bacteria;Proteobacteria;Gammaproteobacteria;Enterobacterales;Enterobacteriaceae;Salmonella;NA;
11478.out	0.410696	2247	1356488	Bacteria;Proteobacteria;Gammaproteobacteria;Enterobacterales;Erwiniaceae;Rosenbergiella;NA;
11478.out	0.401557	2197	579	Bacteria;Proteobacteria;Gammaproteobacteria;Enterobacterales;Enterobacteriaceae;Kluyvera;NA;
11478.out	0.293354	1605	1350	Bacteria;Firmicutes;Bacilli;Lactobacillales;Enterococcaceae;Enterococcus;NA;
11478.out	0.262648	1437	59732	Bacteria;Bacteroidetes;Flavobacteriia;Flavobacteriales;Weeksellaceae;Chryseobacterium;NA;
11478.out	0.232856	1274	28453	Bacteria;Bacteroidetes;Sphingobacteriia;Sphingobacteriales;Sphingobacteriaceae;Sphingobacterium;NA;
11478.out	0.185517	1015	1973275	Bacteria;Firmicutes;Negativicutes;Veillonellales;Veillonellaceae;Massilibacillus;NA;
11478.out	0.182592	999	613	Bacteria;Proteobacteria;Gammaproteobacteria;Enterobacterales;Yersiniaceae;Serratia;NA;
11478.out	0.169981	930	83654	Bacteria;Proteobacteria;Gammaproteobacteria;Enterobacterales;Enterobacteriaceae;Leclercia;NA;
11478.out	0.165046	903	82986	Bacteria;Proteobacteria;Gammaproteobacteria;Enterobacterales;Erwiniaceae;Tatumella;NA;
11478.out	0.158101	865	2726810	Bacteria;Proteobacteria;Gammaproteobacteria;Enterobacterales;Enterobacteriaceae;Scandinavium;NA;
11478.out	0.154445	845	1330545	Bacteria;Proteobacteria;Gammaproteobacteria;Enterobacterales;Enterobacteriaceae;Lelliottia;NA;
11478.out	0.134705	737	642	Bacteria;Proteobacteria;Gammaproteobacteria;Aeromonadales;Aeromonadaceae;Aeromonas;NA;
11478.out	0.125201	685	160674	Bacteria;Proteobacteria;Gammaproteobacteria;Enterobacterales;Enterobacteriaceae;Raoultella;NA;
11478.out	0.090291	494	963	Bacteria;Proteobacteria;Betaproteobacteria;Burkholderiales;Oxalobacteraceae;Herbaspirillum;NA;
11478.out	0.078228	428	158483	Bacteria;Proteobacteria;Gammaproteobacteria;Enterobacterales;Enterobacteriaceae;Cedecea;NA;
11478.out	0.076035	416	1330546	Bacteria;Proteobacteria;Gammaproteobacteria;Enterobacterales;Enterobacteriaceae;Pluralibacter;NA;
11478.out	0.075303	412	44249	Bacteria;Firmicutes;Bacilli;Bacillales;Paenibacillaceae;Paenibacillus;NA;
11478.out	0.074755	409	150781	Eukaryota;Basidiomycota;Agaricomycetes;Boletales;Astraeaceae;Astraeus;NA;
11478.out	0.073658	403	1330547	Bacteria;Proteobacteria;Gammaproteobacteria;Enterobacterales;Enterobacteriaceae;Kosakonia;NA;
11478.out	0.073476	402	222	Bacteria;Proteobacteria;Betaproteobacteria;Burkholderiales;Alcaligenaceae;Achromobacter;NA;
11478.out	0.072013	394	551	Bacteria;Proteobacteria;Gammaproteobacteria;Enterobacterales;Erwiniaceae;Erwinia;NA;
11478.out	0.071282	390	620	Bacteria;Proteobacteria;Gammaproteobacteria;Enterobacterales;Enterobacteriaceae;Shigella;NA;
11478.out	0.069089	378	413496	Bacteria;Proteobacteria;Gammaproteobacteria;Enterobacterales;Enterobacteriaceae;Cronobacter;NA;
11478.out	0.059036	323	1485	Bacteria;Firmicutes;Clostridia;Eubacteriales;Clostridiaceae;Clostridium;NA;
11478.out	0.058123	318	365348	Bacteria;Firmicutes;Negativicutes;Selenomonadales;Sporomusaceae;Pelosinus;NA;
11478.out	0.053188	291	82976	Bacteria;Proteobacteria;Gammaproteobacteria;Enterobacterales;Enterobacteriaceae;Buttiauxella;NA;
11478.out	0.051725	283	165696	Bacteria;Proteobacteria;Alphaproteobacteria;Sphingomonadales;Sphingomonadaceae;Novosphingobium;NA;
11478.out	0.050446	276	158876	Bacteria;Proteobacteria;Gammaproteobacteria;Enterobacterales;Enterobacteriaceae;Yokenella;NA;
11478.out	0.050263	275	1386	Bacteria;Firmicutes;Bacilli;Bacillales;Bacillaceae;Bacillus;NA;
11478.out	0.048070	263	244825	Bacteria;Firmicutes;Negativicutes;Selenomonadales;Sporomusaceae;Anaerospora;NA;
11478.out	0.042038	230	724	Bacteria;Proteobacteria;Gammaproteobacteria;Pasteurellales;Pasteurellaceae;Haemophilus;NA;
11478.out	0.037652	206	4842	Eukaryota;Mucoromycota;Mucoromycetes;Mucorales;Rhizopodaceae;Rhizopus;NA;
11478.out	0.037286	204	91914	Bacteria;Proteobacteria;Alphaproteobacteria;Rhodospirillales;Acetobacteraceae;Asaia;NA;
11478.out	0.036738	201	165695	Bacteria;Proteobacteria;Alphaproteobacteria;Sphingomonadales;Sphingomonadaceae;Sphingobium;NA;
11478.out	0.034910	191	12916	Bacteria;Proteobacteria;Betaproteobacteria;Burkholderiales;Comamonadaceae;Acidovorax;NA;
11478.out	0.031072	170	629	Bacteria;Proteobacteria;Gammaproteobacteria;Enterobacterales;Yersiniaceae;Yersinia;NA;
11478.out	0.030706	168	379	Bacteria;Proteobacteria;Alphaproteobacteria;Hyphomicrobiales;Rhizobiaceae;Rhizobium;NA;
11478.out	0.029244	160	568	Bacteria;Proteobacteria;Gammaproteobacteria;Enterobacterales;Hafniaceae;Hafnia;NA;
11478.out	0.026685	146	158851	Bacteria;Proteobacteria;Gammaproteobacteria;Enterobacterales;Enterobacteriaceae;Trabulsiella;NA;
11478.out	0.025771	141	84034	Bacteria;Firmicutes;Negativicutes;Selenomonadales;Selenomonadaceae;Propionispira;NA;
11478.out	0.024857	136	106589	Bacteria;Proteobacteria;Betaproteobacteria;Burkholderiales;Burkholderiaceae;Cupriavidus;NA;
11478.out	0.024126	132	93217	Bacteria;Proteobacteria;Betaproteobacteria;Burkholderiales;Burkholderiaceae;Pandoraea;NA;
11478.out	0.022847	125	447792	Bacteria;Proteobacteria;Gammaproteobacteria;Enterobacterales;Enterobacteriaceae;Phytobacter;NA;
11478.out	0.022481	123	1903434	Bacteria;Proteobacteria;Gammaproteobacteria;Enterobacterales;Enterobacteriaceae;Atlantibacter;NA;
11478.out	0.022116	121	662	Bacteria;Proteobacteria;Gammaproteobacteria;Vibrionales;Vibrionaceae;Vibrio;NA;
11478.out	0.020836	114	29487	Bacteria;Proteobacteria;Gammaproteobacteria;Enterobacterales;Morganellaceae;Photorhabdus;NA;
11478.out	0.020471	112	2100764	Bacteria;Proteobacteria;Gammaproteobacteria;Enterobacterales;Erwiniaceae;Mixta;NA;
11478.out	0.019557	107	34037	Bacteria;Proteobacteria;Gammaproteobacteria;Enterobacterales;Yersiniaceae;Rahnella;NA;
11478.out	0.019191	105	2303321	Bacteria;Proteobacteria;Gammaproteobacteria;Enterobacterales;Enterobacteriaceae;Superficieibacter;NA;
11478.out	0.018278	100	635	Bacteria;Proteobacteria;Gammaproteobacteria;Enterobacterales;Hafniaceae;Edwardsiella;NA;
11478.out	0.018278	100	2375	Bacteria;Firmicutes;Negativicutes;Selenomonadales;Sporomusaceae;Sporomusa;NA;
11478.out	0.018095	99	32008	Bacteria;Proteobacteria;Betaproteobacteria;Burkholderiales;Burkholderiaceae;Burkholderia;NA;
11478.out	0.017546	96	1843210	Bacteria;Firmicutes;Clostridia;Eubacteriales;Lachnospiraceae;Anaerocolumna;NA;
11478.out	0.017364	95	122277	Bacteria;Proteobacteria;Gammaproteobacteria;Enterobacterales;Pectobacteriaceae;Pectobacterium;NA;
11478.out	0.016815	92	46255	Bacteria;Firmicutes;Bacilli;Lactobacillales;Lactobacillaceae;Weissella;NA;
11478.out	0.016450	90	2055880	Bacteria;Proteobacteria;Gammaproteobacteria;Enterobacterales;Enterobacteriaceae;Pseudescherichia;NA;
11478.out	0.015719	86	338	Bacteria;Proteobacteria;Gammaproteobacteria;Xanthomonadales;Xanthomonadaceae;Xanthomonas;NA;
11478.out	0.014805	81	653683	Bacteria;Firmicutes;Clostridia;Eubacteriales;Lachnospiraceae;Anaerosporobacter;NA;
11478.out	0.014622	80	1649298	Bacteria;Proteobacteria;Gammaproteobacteria;Enterobacterales;Enterobacteriaceae;Siccibacter;NA;
11478.out	0.014439	79	1649295	Bacteria;Proteobacteria;Gammaproteobacteria;Enterobacterales;Enterobacteriaceae;Franconibacter;NA;
11478.out	0.013891	76	1301	Bacteria;Firmicutes;Bacilli;Lactobacillales;Streptococcaceae;Streptococcus;NA;
11478.out	0.013891	76	33882	Bacteria;Actinobacteria;Actinomycetia;Micrococcales;Microbacteriaceae;Microbacterium;NA;
11478.out	0.012794	70	2815296	Bacteria;Proteobacteria;Gammaproteobacteria;Enterobacterales;Enterobacteriaceae;Jejubacter;NA;
11478.out	0.012611	69	1822464	Bacteria;Proteobacteria;Betaproteobacteria;Burkholderiales;Burkholderiaceae;Paraburkholderia;NA;
11478.out	0.011698	64	586	Bacteria;Proteobacteria;Gammaproteobacteria;Enterobacterales;Morganellaceae;Providencia;NA;
11478.out	0.010967	60	2719231	Bacteria;Firmicutes;Clostridia;Eubacteriales;Lachnospiraceae;Lacrimispora;NA;
11478.out	0.010784	59	53246	Bacteria;Proteobacteria;Gammaproteobacteria;Alteromonadales;Pseudoalteromonadaceae;Pseudoalteromonas;NA;
11478.out	0.009870	54	112902	Bacteria;Firmicutes;Negativicutes;Selenomonadales;Sporomusaceae;Propionispora;NA;
11478.out	0.009504	52	1279	Bacteria;Firmicutes;Bacilli;Bacillales;Staphylococcaceae;Staphylococcus;NA;
11478.out	0.008773	48	626	Bacteria;Proteobacteria;Gammaproteobacteria;Enterobacterales;Morganellaceae;Xenorhabdus;NA;
11478.out	0.008408	46	1335483	Bacteria;Proteobacteria;Gammaproteobacteria;Enterobacterales;Enterobacteriaceae;Shimwellia;NA;
11478.out	0.006945	38	244698	Bacteria;Bacteroidetes;Flavobacteriia;Flavobacteriales;Flavobacteriaceae;Gillisia;NA;
11478.out	0.006945	38	451512	Bacteria;Proteobacteria;Gammaproteobacteria;Enterobacterales;Enterobacteriaceae;Mangrovibacter;NA;
11478.out	0.006763	37	204037	Bacteria;Proteobacteria;Gammaproteobacteria;Enterobacterales;Pectobacteriaceae;Dickeya;NA;
11478.out	0.006580	36	864	Bacteria;Firmicutes;Negativicutes;Selenomonadales;Selenomonadaceae;Pectinatus;NA;
11478.out	0.006580	36	2847256	Bacteria;Firmicutes;Negativicutes;Selenomonadales;Sporomusaceae;Pelorhabdus;NA;
11478.out	0.006397	35	68287	Bacteria;Proteobacteria;Alphaproteobacteria;Hyphomicrobiales;Phyllobacteriaceae;Mesorhizobium;NA;
11478.out	0.006214	34	13687	Bacteria;Proteobacteria;Alphaproteobacteria;Sphingomonadales;Sphingomonadaceae;Sphingomonas;NA;
11478.out	0.005483	30	517	Bacteria;Proteobacteria;Betaproteobacteria;Burkholderiales;Alcaligenaceae;Bordetella;NA;
11478.out	0.005483	30	1745211	Bacteria;Proteobacteria;Gammaproteobacteria;Enterobacterales;Yersiniaceae;Chania;NA;
11478.out	0.005483	30	2899543	Bacteria;Proteobacteria;Gammaproteobacteria;Enterobacterales;Enterobacteriaceae;Intestinirhabdus;NA;
11478.out	0.005300	29	84565	Bacteria;Proteobacteria;Gammaproteobacteria;Enterobacterales;Bruguierivoracaceae;Sodalis;NA;
11478.out	0.005300	29	2918836	Bacteria;Proteobacteria;Gammaproteobacteria;Enterobacterales;Enterobacteriaceae;Tenebrionibacter;NA;
11478.out	0.005118	28	581	Bacteria;Proteobacteria;Gammaproteobacteria;Enterobacterales;Morganellaceae;Morganella;NA;
11478.out	0.005118	28	583	Bacteria;Proteobacteria;Gammaproteobacteria;Enterobacterales;Morganellaceae;Proteus;NA;
11478.out	0.004935	27	1883	Bacteria;Actinobacteria;Actinomycetia;Streptomycetales;Streptomycetaceae;Streptomyces;NA;
11478.out	0.004752	26	71655	Bacteria;Proteobacteria;Gammaproteobacteria;Enterobacterales;Pectobacteriaceae;Brenneria;NA;
11478.out	0.004752	26	281915	Bacteria;Proteobacteria;Betaproteobacteria;Burkholderiales;Comamonadaceae;Curvibacter;NA;
11478.out	0.004752	26	2498454	Bacteria;Firmicutes;Negativicutes;Veillonellales;Veillonellaceae;Lucifera;NA;
11478.out	0.004569	25	149698	Bacteria;Proteobacteria;Betaproteobacteria;Burkholderiales;Oxalobacteraceae;Massilia;NA;
11478.out	0.004021	22	657	Bacteria;Proteobacteria;Gammaproteobacteria;Vibrionales;Vibrionaceae;Photobacterium;NA;
11478.out	0.004021	22	970	Bacteria;Firmicutes;Negativicutes;Selenomonadales;Selenomonadaceae;Selenomonas;NA;
11478.out	0.004021	22	41201	Bacteria;Proteobacteria;Gammaproteobacteria;Enterobacterales;Yersiniaceae;Ewingella;NA;
11478.out	0.003838	21	34072	Bacteria;Proteobacteria;Betaproteobacteria;Burkholderiales;Comamonadaceae;Variovorax;NA;
11478.out	0.003656	20	697331	Bacteria;Proteobacteria;Gammaproteobacteria;Pasteurellales;Pasteurellaceae;Basfia;NA;
11478.out	0.003656	20	1649459	Bacteria;Firmicutes;Clostridia;Eubacteriales;Clostridiaceae;Hungatella;NA;
11478.out	0.003473	19	234	Bacteria;Proteobacteria;Alphaproteobacteria;Hyphomicrobiales;Brucellaceae;Brucella;NA;
11478.out	0.003473	19	80865	Bacteria;Proteobacteria;Betaproteobacteria;Burkholderiales;Comamonadaceae;Delftia;NA;
11478.out	0.003473	19	82980	Bacteria;Proteobacteria;Gammaproteobacteria;Enterobacterales;Budviciaceae;Leminorella;NA;
11478.out	0.003473	19	1506553	Bacteria;Firmicutes;Clostridia;Eubacteriales;Lachnospiraceae;Lachnoclostridium;NA;
11478.out	0.003290	18	1569	Bacteria;Firmicutes;Bacilli;Bacillales;Planococcaceae;Sporosarcina;NA;
11478.out	0.003290	18	1193503	Bacteria;Proteobacteria;Gammaproteobacteria;Orbales;Orbaceae;Gilliamella;NA;
11478.out	0.003107	17	191	Bacteria;Proteobacteria;Alphaproteobacteria;Rhodospirillales;Azospirillaceae;Azospirillum;NA;
11478.out	0.003107	17	293088	Bacteria;Proteobacteria;Alphaproteobacteria;Hyphomicrobiales;Aurantimonadaceae;Martelella;NA;
11478.out	0.002924	16	5581	Eukaryota;Ascomycota;Sordariomycetes;Hypocreales;Cordycipitaceae;Beauveria;NA;
11478.out	0.002742	15	55080	Bacteria;Firmicutes;Bacilli;Bacillales;Paenibacillaceae;Brevibacillus;NA;
11478.out	0.002559	14	41275	Bacteria;Proteobacteria;Alphaproteobacteria;Caulobacterales;Caulobacteraceae;Brevundimonas;NA;
11478.out	0.002559	14	67575	Bacteria;Proteobacteria;Gammaproteobacteria;Chromatiales;Chromatiaceae;Rheinheimera;NA;
11478.out	0.002559	14	1565532	Bacteria;Proteobacteria;Gammaproteobacteria;Enterobacterales;Yersiniaceae;Rouxiella;NA;
11478.out	0.002376	13	171	Bacteria;Spirochaetes;Spirochaetia;Leptospirales;Leptospiraceae;Leptospira;NA;
11478.out	0.002376	13	63132	Bacteria;Cyanobacteria;NA;Oscillatoriales;Coleofasciculaceae;Geitlerinema;NA;
11478.out	0.002376	13	146813	Bacteria;Firmicutes;Negativicutes;Selenomonadales;Sporomusaceae;Dendrosporobacter;NA;
11478.out	0.002376	13	1780190	Bacteria;Proteobacteria;Gammaproteobacteria;Enterobacterales;Erwiniaceae;Izhakiella;NA;
11478.out	0.002376	13	2837504	Bacteria;Firmicutes;Bacilli;Bacillales;Bacillaceae;Heyndrickxia;NA;
11478.out	0.002193	12	801	Bacteria;Proteobacteria;Gammaproteobacteria;Enterobacterales;Enterobacteriaceae;Candidatus Symbiopectobacterium;NA;
11478.out	0.002193	12	158846	Bacteria;Firmicutes;Negativicutes;Selenomonadales;Selenomonadaceae;Megamonas;NA;
11478.out	0.002193	12	238749	Bacteria;Proteobacteria;Betaproteobacteria;Burkholderiales;Comamonadaceae;Diaphorobacter;NA;
11478.out	0.002193	12	1193515	Bacteria;Proteobacteria;Betaproteobacteria;Neisseriales;Neisseriaceae;Snodgrassella;NA;
11478.out	0.002011	11	2745	Bacteria;Proteobacteria;Gammaproteobacteria;Oceanospirillales;Halomonadaceae;Halomonas;NA;
11478.out	0.002011	11	55968	Bacteria;Actinobacteria;Actinomycetia;Micrococcales;Microbacteriaceae;Leucobacter;NA;
11478.out	0.002011	11	84567	Bacteria;Bacteroidetes;Sphingobacteriia;Sphingobacteriales;Sphingobacteriaceae;Pedobacter;NA;
11478.out	0.002011	11	125216	Bacteria;Proteobacteria;Alphaproteobacteria;Rhodospirillales;Acetobacteraceae;Roseomonas;NA;
11478.out	0.002011	11	2307008	Bacteria;Firmicutes;Clostridia;Eubacteriales;Lachnospiraceae;Candidatus Galacturonibacter;NA;
11478.out	0.001828	10	357	Bacteria;Proteobacteria;Alphaproteobacteria;Hyphomicrobiales;Rhizobiaceae;Agrobacterium;NA;
11478.out	0.001828	10	52225	Bacteria;Firmicutes;Negativicutes;Selenomonadales;Selenomonadaceae;Mitsuokella;NA;
11478.out	0.001828	10	466108	Bacteria;Proteobacteria;Gammaproteobacteria;Enterobacterales;Bruguierivoracaceae;Biostraticola;NA;
11478.out	0.001828	10	2716544	Bacteria;Proteobacteria;Gammaproteobacteria;Enterobacterales;Yersiniaceae;Chimaeribacter;NA;
11478.out	0.001645	9	75	Bacteria;Proteobacteria;Alphaproteobacteria;Caulobacterales;Caulobacteraceae;Caulobacter;NA;
11478.out	0.001645	9	374	Bacteria;Proteobacteria;Alphaproteobacteria;Hyphomicrobiales;Bradyrhizobiaceae;Bradyrhizobium;NA;
11478.out	0.001645	9	1637	Bacteria;Firmicutes;Bacilli;Bacillales;Listeriaceae;Listeria;NA;
11478.out	0.001645	9	1763	Bacteria;Actinobacteria;Actinomycetia;Corynebacteriales;Mycobacteriaceae;Mycobacterium;NA;
11478.out	0.001645	9	48736	Bacteria;Proteobacteria;Betaproteobacteria;Burkholderiales;Burkholderiaceae;Ralstonia;NA;
11478.out	0.001645	9	201096	Bacteria;Proteobacteria;Betaproteobacteria;Burkholderiales;Comamonadaceae;Alicycliphilus;NA;
11478.out	0.001645	9	1964366	Bacteria;Proteobacteria;Gammaproteobacteria;Enterobacterales;Yersiniaceae;Nissabacter;NA;
11478.out	0.001462	8	22	Bacteria;Proteobacteria;Gammaproteobacteria;Alteromonadales;Shewanellaceae;Shewanella;NA;
11478.out	0.001462	8	237	Bacteria;Bacteroidetes;Flavobacteriia;Flavobacteriales;Flavobacteriaceae;Flavobacterium;NA;
11478.out	0.001462	8	702	Bacteria;Proteobacteria;Gammaproteobacteria;Enterobacterales;Enterobacteriaceae;Plesiomonas;NA;
11478.out	0.001462	8	2373	Bacteria;Firmicutes;Negativicutes;Selenomonadales;Sporomusaceae;Acetonema;NA;
11478.out	0.001462	8	52972	Bacteria;Proteobacteria;Betaproteobacteria;Burkholderiales;Comamonadaceae;Polaromonas;NA;
11478.out	0.001462	8	83618	Bacteria;Proteobacteria;Gammaproteobacteria;Xanthomonadales;Xanthomonadaceae;Pseudoxanthomonas;NA;
11478.out	0.001462	8	242605	Bacteria;Proteobacteria;Gammaproteobacteria;Xanthomonadales;Rhodanobacteraceae;Luteibacter;NA;
11478.out	0.001462	8	929812	Bacteria;Proteobacteria;Gammaproteobacteria;Enterobacterales;Yersiniaceae;Gibbsiella;NA;
11478.out	0.001462	8	995014	Bacteria;Firmicutes;Bacilli;Bacillales;Paenibacillaceae;Fontibacillus;NA;
11478.out	0.001462	8	1082702	Bacteria;Proteobacteria;Gammaproteobacteria;Enterobacterales;Pectobacteriaceae;Lonsdalea;NA;
11478.out	0.001462	8	1689250	Bacteria;Firmicutes;Bacilli;Bacillales;Paenibacillaceae;Gorillibacterium;NA;
11478.out	0.001462	8	1866885	Bacteria;Actinobacteria;Actinomycetia;Corynebacteriales;Mycobacteriaceae;Mycolicibacterium;NA;
11478.out	0.001462	8	2893029	Bacteria;Firmicutes;Clostridia;Eubacteriales;Lachnospiraceae;Variimorphobacter;NA;
11478.out	0.001279	7	507	Bacteria;Proteobacteria;Betaproteobacteria;Burkholderiales;Alcaligenaceae;Alcaligenes;NA;
11478.out	0.001279	7	773	Bacteria;Proteobacteria;Alphaproteobacteria;Hyphomicrobiales;Bartonellaceae;Bartonella;NA;
11478.out	0.001279	7	906	Bacteria;Firmicutes;Negativicutes;Veillonellales;Veillonellaceae;Megasphaera;NA;
11478.out	0.001279	7	965	Bacteria;Proteobacteria;Gammaproteobacteria;Oceanospirillales;Oceanospirillaceae;Oceanospirillum;NA;
11478.out	0.001279	7	79206	Bacteria;Firmicutes;Clostridia;Eubacteriales;Peptococcaceae;Desulfosporosinus;NA;
11478.out	0.001279	7	82982	Bacteria;Proteobacteria;Gammaproteobacteria;Enterobacterales;Hafniaceae;Obesumbacterium;NA;
11478.out	0.001279	7	133407	Eukaryota;Evosea;Eumycetozoa;Acytosteliales;Acytosteliaceae;Acytostelium;NA;
11478.out	0.001279	7	512381	Bacteria;Proteobacteria;Alphaproteobacteria;Rhodospirillales;Acetobacteraceae;Acidisoma;NA;
11478.out	0.001279	7	1525371	Bacteria;Proteobacteria;Alphaproteobacteria;Hyphomicrobiales;Rhizobiaceae;Neorhizobium;NA;
11478.out	0.001279	7	1649471	Bacteria;Firmicutes;Clostridia;Eubacteriales;Lachnospiraceae;Mobilitalea;NA;
11478.out	0.001279	7	1794910	Bacteria;Firmicutes;Negativicutes;Selenomonadales;Sporomusaceae;Anaerosporomusa;NA;
11478.out	0.001097	6	407	Bacteria;Proteobacteria;Alphaproteobacteria;Hyphomicrobiales;Methylobacteriaceae;Methylobacterium;NA;
11478.out	0.001097	6	33024	Bacteria;Firmicutes;Negativicutes;Acidaminococcales;Acidaminococcaceae;Phascolarctobacterium;NA;
11478.out	0.001097	6	75984	Bacteria;Proteobacteria;Gammaproteobacteria;Pasteurellales;Pasteurellaceae;Mannheimia;NA;
11478.out	0.001097	6	82373	Bacteria;Firmicutes;Negativicutes;Selenomonadales;Selenomonadaceae;Anaerovibrio;NA;
11478.out	0.001097	6	1763508	Bacteria;Firmicutes;Clostridia;Eubacteriales;Lachnospiraceae;Lachnotalea;NA;
11478.out	0.001097	6	2662752	Bacteria;Proteobacteria;Gammaproteobacteria;Enterobacterales;Erwiniaceae;Kalamiella;NA;
11478.out	0.001097	6	2901189	Bacteria;Proteobacteria;Gammaproteobacteria;Pseudomonadales;Pseudomonadaceae;Halopseudomonas;NA;
11478.out	0.000914	5	445	Bacteria;Proteobacteria;Gammaproteobacteria;Legionellales;Legionellaceae;Legionella;NA;
11478.out	0.000914	5	637	Bacteria;Proteobacteria;Gammaproteobacteria;Enterobacterales;Morganellaceae;Arsenophonus;NA;
11478.out	0.000914	5	1707	Bacteria;Actinobacteria;Actinomycetia;Micrococcales;Cellulomonadaceae;Cellulomonas;NA;
11478.out	0.000914	5	1827	Bacteria;Actinobacteria;Actinomycetia;Corynebacteriales;Nocardiaceae;Rhodococcus;NA;
11478.out	0.000914	5	2742	Bacteria;Proteobacteria;Gammaproteobacteria;Pseudomonadales;Marinobacteraceae;Marinobacter;NA;
11478.out	0.000914	5	29580	Bacteria;Proteobacteria;Betaproteobacteria;Burkholderiales;Oxalobacteraceae;Janthinobacterium;NA;
11478.out	0.000914	5	32012	Bacteria;Proteobacteria;Betaproteobacteria;Burkholderiales;NA;Thiomonas;NA;
11478.out	0.000914	5	64322	Bacteria;Proteobacteria;Gammaproteobacteria;Oceanospirillales;Halomonadaceae;Carnimonas;NA;
11478.out	0.000914	5	114627	Bacteria;Firmicutes;Clostridia;Eubacteriales;Clostridiaceae;Alkaliphilus;NA;
11478.out	0.000914	5	186650	Bacteria;Proteobacteria;Alphaproteobacteria;Hyphomicrobiales;Methylobacteriaceae;Microvirga;NA;
11478.out	0.000914	5	377315	Bacteria;Proteobacteria;Zetaproteobacteria;Mariprofundales;Mariprofundaceae;Mariprofundus;NA;
11478.out	0.000914	5	1505652	Bacteria;Firmicutes;Clostridia;Eubacteriales;Peptostreptococcaceae;Terrisporobacter;NA;
11478.out	0.000914	5	1822002	Bacteria;Proteobacteria;Gammaproteobacteria;Enterobacterales;Hafniaceae;Enterobacillus;NA;
11478.out	0.000914	5	2005359	Bacteria;Firmicutes;Clostridia;Eubacteriales;Lachnospiraceae;Faecalicatena;NA;
11478.out	0.000914	5	2093783	Bacteria;Firmicutes;Negativicutes;Selenomonadales;Sporomusaceae;Methylomusa;NA;
11478.out	0.000914	5	2811373	Bacteria;Proteobacteria;Gammaproteobacteria;Enterobacterales;Pectobacteriaceae;Acerihabitans;NA;
11478.out	0.000914	5	2853326	Bacteria;Proteobacteria;Gammaproteobacteria;Enterobacterales;Pectobacteriaceae;Affinibrenneria;NA;
11478.out	0.000914	5	2884243	Bacteria;Proteobacteria;Gammaproteobacteria;Enterobacterales;Pectobacteriaceae;Musicola;NA;
11478.out	0.000731	4	434	Bacteria;Proteobacteria;Alphaproteobacteria;Rhodospirillales;Acetobacteraceae;Acetobacter;NA;
11478.out	0.000731	4	497	Bacteria;Proteobacteria;Gammaproteobacteria;Moraxellales;Moraxellaceae;Psychrobacter;NA;
11478.out	0.000731	4	2077	Bacteria;Firmicutes;Bacilli;Bacillales;Sporolactobacillaceae;Sporolactobacillus;NA;
11478.out	0.000731	4	28065	Bacteria;Proteobacteria;Betaproteobacteria;Burkholderiales;Comamonadaceae;Rhodoferax;NA;
11478.out	0.000731	4	29465	Bacteria;Firmicutes;Negativicutes;Veillonellales;Veillonellaceae;Veillonella;NA;
11478.out	0.000731	4	51366	Bacteria;Proteobacteria;Gammaproteobacteria;Vibrionales;Vibrionaceae;Salinivibrio;NA;
11478.out	0.000731	4	54066	Bacteria;Proteobacteria;Betaproteobacteria;Burkholderiales;NA;Xylophilus;NA;
11478.out	0.000731	4	57739	Bacteria;Proteobacteria;Betaproteobacteria;Neisseriales;Chromobacteriaceae;Vogesella;NA;
11478.out	0.000731	4	58050	Bacteria;Proteobacteria;Gammaproteobacteria;Alteromonadales;Moritellaceae;Moritella;NA;
11478.out	0.000731	4	75654	Bacteria;Proteobacteria;Betaproteobacteria;Burkholderiales;Oxalobacteraceae;Duganella;NA;
11478.out	0.000731	4	78119	Bacteria;Firmicutes;Negativicutes;Acidaminococcales;Acidaminococcaceae;Succinispira;NA;
11478.out	0.000731	4	82978	Bacteria;Proteobacteria;Gammaproteobacteria;Enterobacterales;Budviciaceae;Budvicia;NA;
11478.out	0.000731	4	83614	Bacteria;Proteobacteria;Gammaproteobacteria;Xanthomonadales;Xanthomonadaceae;Luteimonas;NA;
11478.out	0.000731	4	231454	Bacteria;Proteobacteria;Gammaproteobacteria;Xanthomonadales;Rhodanobacteraceae;Dyella;NA;
11478.out	0.000731	4	261684	Bacteria;Firmicutes;Negativicutes;Selenomonadales;Sporomusaceae;Thermosinus;NA;
11478.out	0.000731	4	290425	Bacteria;Proteobacteria;Betaproteobacteria;Burkholderiales;Alcaligenaceae;Advenella;NA;
11478.out	0.000731	4	379899	Bacteria;Bacteroidetes;Chitinophagia;Chitinophagales;Chitinophagaceae;Niabella;NA;
11478.out	0.000731	4	572511	Bacteria;Firmicutes;Clostridia;Eubacteriales;Lachnospiraceae;Blautia;NA;
11478.out	0.000731	4	1344552	Bacteria;Proteobacteria;Betaproteobacteria;Burkholderiales;Oxalobacteraceae;Noviherbaspirillum;NA;
11478.out	0.000731	4	1827195	Bacteria;Proteobacteria;Betaproteobacteria;Burkholderiales;Burkholderiaceae;Caballeronia;NA;
11478.out	0.000731	4	1906945	Bacteria;Firmicutes;Bacilli;Bacillales;Bacillaceae;Parageobacillus;NA;
11478.out	0.000731	4	2675232	Bacteria;Firmicutes;Bacilli;Bacillales;Bacillaceae;Neobacillus;NA;
11478.out	0.000731	4	2767887	Bacteria;Firmicutes;Bacilli;Lactobacillales;Lactobacillaceae;Ligilactobacillus;NA;
11478.out	0.000731	4	2803850	Bacteria;Firmicutes;Bacilli;Bacillales;Staphylococcaceae;Mammaliicoccus;NA;
11478.out	0.000731	4	2810357	Bacteria;Proteobacteria;Gammaproteobacteria;Enterobacterales;Budviciaceae;Jinshanibacter;NA;
11478.out	0.000731	4	2837506	Bacteria;Firmicutes;Bacilli;Bacillales;Bacillaceae;Niallia;NA;
11478.out	0.000548	3	194	Bacteria;Proteobacteria;Epsilonproteobacteria;Campylobacterales;Campylobacteraceae;Campylobacter;NA;
11478.out	0.000548	3	352	Bacteria;Proteobacteria;Gammaproteobacteria;Pseudomonadales;Pseudomonadaceae;Azotobacter;NA;
11478.out	0.000548	3	482	Bacteria;Proteobacteria;Betaproteobacteria;Neisseriales;Neisseriaceae;Neisseria;NA;
11478.out	0.000548	3	1073	Bacteria;Proteobacteria;Alphaproteobacteria;Hyphomicrobiales;Bradyrhizobiaceae;Rhodopseudomonas;NA;
11478.out	0.000548	3	1243	Bacteria;Firmicutes;Bacilli;Lactobacillales;Lactobacillaceae;Leuconostoc;NA;
11478.out	0.000548	3	12960	Bacteria;Proteobacteria;Betaproteobacteria;Rhodocyclales;Zoogloeaceae;Azoarcus;NA;
11478.out	0.000548	3	32199	Bacteria;Proteobacteria;Gammaproteobacteria;Enterobacterales;Erwiniaceae;Buchnera;NA;
11478.out	0.000548	3	40840	Bacteria;Firmicutes;Negativicutes;Acidaminococcales;Acidaminococcaceae;Succiniclasticum;NA;
11478.out	0.000548	3	44260	Bacteria;Firmicutes;Clostridia;Thermoanaerobacterales;Thermoanaerobacteraceae;Moorella;NA;
11478.out	0.000548	3	46352	Bacteria;Actinobacteria;Actinomycetia;Micrococcales;Microbacteriaceae;Agrococcus;NA;
11478.out	0.000548	3	47420	Bacteria;Proteobacteria;Betaproteobacteria;Burkholderiales;Comamonadaceae;Hydrogenophaga;NA;
11478.out	0.000548	3	79328	Bacteria;Bacteroidetes;Chitinophagia;Chitinophagales;Chitinophagaceae;Chitinophaga;NA;
11478.out	0.000548	3	82984	Bacteria;Proteobacteria;Gammaproteobacteria;Enterobacterales;Budviciaceae;Pragia;NA;
11478.out	0.000548	3	83681	Bacteria;Actinobacteria;Actinomycetia;Streptosporangiales;Streptosporangiaceae;Nonomuraea;NA;
11478.out	0.000548	3	89966	Bacteria;Bacteroidetes;Cytophagia;Cytophagales;Hymenobacteraceae;Hymenobacter;NA;
11478.out	0.000548	3	99906	Bacteria;Firmicutes;Bacilli;Lactobacillales;Carnobacteriaceae;Alkalibacterium;NA;
11478.out	0.000548	3	141948	Bacteria;Proteobacteria;Gammaproteobacteria;Xanthomonadales;Xanthomonadaceae;Thermomonas;NA;
11478.out	0.000548	3	165779	Bacteria;Firmicutes;Tissierellia;Tissierellales;Peptoniphilaceae;Anaerococcus;NA;
11478.out	0.000548	3	223385	Bacteria;Proteobacteria;Gammaproteobacteria;Enterobacterales;NA;Grimontella;NA;
11478.out	0.000548	3	318147	Bacteria;Proteobacteria;Betaproteobacteria;Burkholderiales;NA;Paucibacter;NA;
11478.out	0.000548	3	376469	Bacteria;Bacteroidetes;Sphingobacteriia;Sphingobacteriales;Sphingobacteriaceae;Olivibacter;NA;
11478.out	0.000548	3	453161	Bacteria;Proteobacteria;Betaproteobacteria;Nitrosomonadales;Gallionellaceae;Candidatus Nitrotoga;NA;
11478.out	0.000548	3	568394	Bacteria;Proteobacteria;Betaproteobacteria;Neisseriales;Chromobacteriaceae;Pseudogulbenkiania;NA;
11478.out	0.000548	3	698776	Bacteria;Firmicutes;Clostridia;Eubacteriales;Lachnospiraceae;Cellulosilyticum;NA;
11478.out	0.000548	3	747294	Bacteria;Proteobacteria;Betaproteobacteria;Burkholderiales;Comamonadaceae;Pseudorhodoferax;NA;
11478.out	0.000548	3	909931	Bacteria;Firmicutes;Negativicutes;Selenomonadales;Sporomusaceae;Sporolituus;NA;
11478.out	0.000548	3	1612157	Bacteria;Proteobacteria;Alphaproteobacteria;Rhodospirillales;Rhodospirillaceae;Pararhodospirillum;NA;
11478.out	0.000548	3	1663717	Bacteria;Firmicutes;Clostridia;Eubacteriales;Lachnospiraceae;Herbinix;NA;
11478.out	0.000548	3	1855714	Bacteria;Firmicutes;Clostridia;Eubacteriales;Lachnospiraceae;Anaerobium;NA;
11478.out	0.000548	3	2137425	Bacteria;Proteobacteria;Betaproteobacteria;Nitrosomonadales;Methylophilaceae;Novimethylophilus;NA;
11478.out	0.000548	3	2675233	Bacteria;Firmicutes;Bacilli;Bacillales;Bacillaceae;Metabacillus;NA;
11478.out	0.000548	3	2675234	Bacteria;Firmicutes;Bacilli;Bacillales;Bacillaceae;Alkalihalobacillus;NA;
11478.out	0.000548	3	2680022	Bacteria;Bacteroidetes;Chitinophagia;Chitinophagales;Chitinophagaceae;Deminuibacter;NA;
11478.out	0.000548	3	2742598	Bacteria;Firmicutes;Bacilli;Lactobacillales;Lactobacillaceae;Limosilactobacillus;NA;
11478.out	0.000548	3	2754714	Bacteria;Actinobacteria;NA;NA;NA;Candidatus Hakubanella;NA;
11478.out	0.000548	3	2796146	Bacteria;Proteobacteria;Gammaproteobacteria;Chromatiales;Chromatiaceae;Candidatus Nitrosacidococcus;NA;
11478.out	0.000548	3	2893178	Bacteria;Proteobacteria;Gammaproteobacteria;Enterobacterales;Budviciaceae;Insectihabitans;NA;
11478.out	0.000366	2	32	Bacteria;Proteobacteria;Deltaproteobacteria;Myxococcales;Myxococcaceae;Myxococcus;NA;
11478.out	0.000366	2	68	Bacteria;Proteobacteria;Gammaproteobacteria;Xanthomonadales;Xanthomonadaceae;Lysobacter;NA;
11478.out	0.000366	2	81	Bacteria;Proteobacteria;Alphaproteobacteria;Hyphomicrobiales;Hyphomicrobiaceae;Hyphomicrobium;NA;
11478.out	0.000366	2	133	Bacteria;Proteobacteria;Alphaproteobacteria;Hyphomicrobiales;Methylocystaceae;Methylocystis;NA;
11478.out	0.000366	2	226	Bacteria;Proteobacteria;Gammaproteobacteria;Alteromonadales;Alteromonadaceae;Alteromonas;NA;
11478.out	0.000366	2	265	Bacteria;Proteobacteria;Alphaproteobacteria;Rhodobacterales;Rhodobacteraceae;Paracoccus;NA;
11478.out	0.000366	2	528	Bacteria;Proteobacteria;Alphaproteobacteria;Hyphomicrobiales;Brucellaceae;Ochrobactrum;NA;
11478.out	0.000366	2	745	Bacteria;Proteobacteria;Gammaproteobacteria;Pasteurellales;Pasteurellaceae;Pasteurella;NA;
11478.out	0.000366	2	841	Bacteria;Firmicutes;Clostridia;Eubacteriales;Lachnospiraceae;Roseburia;NA;
11478.out	0.000366	2	872	Bacteria;Proteobacteria;Deltaproteobacteria;Desulfovibrionales;Desulfovibrionaceae;Desulfovibrio;NA;
11478.out	0.000366	2	914	Bacteria;Proteobacteria;Betaproteobacteria;Nitrosomonadales;Nitrosomonadaceae;Nitrosomonas;NA;
11478.out	0.000366	2	1152	Bacteria;Cyanobacteria;NA;Pseudanabaenales;Pseudanabaenaceae;Pseudanabaena;NA;
11478.out	0.000366	2	1234	Bacteria;Nitrospirae;Nitrospira;Nitrospirales;Nitrospiraceae;Nitrospira;NA;
11478.out	0.000366	2	1253	Bacteria;Firmicutes;Bacilli;Lactobacillales;Lactobacillaceae;Pediococcus;NA;
11478.out	0.000366	2	1649	Bacteria;Firmicutes;Bacilli;Bacillales;Planococcaceae;Kurthia;NA;
11478.out	0.000366	2	1663	Bacteria;Actinobacteria;Actinomycetia;Micrococcales;Micrococcaceae;Arthrobacter;NA;
11478.out	0.000366	2	1716	Bacteria;Actinobacteria;Actinomycetia;Corynebacteriales;Corynebacteriaceae;Corynebacterium;NA;
11478.out	0.000366	2	1817	Bacteria;Actinobacteria;Actinomycetia;Corynebacteriales;Nocardiaceae;Nocardia;NA;
11478.out	0.000366	2	1860	Bacteria;Actinobacteria;Actinomycetia;Geodermatophilales;Geodermatophilaceae;Geodermatophilus;NA;
11478.out	0.000366	2	2034	Bacteria;Actinobacteria;Actinomycetia;Micrococcales;Microbacteriaceae;Curtobacterium;NA;
11478.out	0.000366	2	2053	Bacteria;Actinobacteria;Actinomycetia;Corynebacteriales;Gordoniaceae;Gordonia;NA;
11478.out	0.000366	2	2351	Bacteria;Deferribacteres;Deferribacteres;Deferribacterales;Deferribacteraceae;Flexistipes;NA;
11478.out	0.000366	2	2383	Bacteria;Firmicutes;Clostridia;Eubacteriales;Lachnospiraceae;Epulopiscium;NA;
11478.out	0.000366	2	2737	Bacteria;Firmicutes;Bacilli;Lactobacillales;Enterococcaceae;Vagococcus;NA;
11478.out	0.000366	2	2747	Bacteria;Firmicutes;Bacilli;Lactobacillales;Carnobacteriaceae;Carnobacterium;NA;
11478.out	0.000366	2	5052	Eukaryota;Ascomycota;Eurotiomycetes;Eurotiales;Aspergillaceae;Aspergillus;NA;
11478.out	0.000366	2	5115	Eukaryota;Ascomycota;Sordariomycetes;Diaporthales;Cryphonectriaceae;Cryphonectria;NA;
11478.out	0.000366	2	5340	Eukaryota;Basidiomycota;Agaricomycetes;Agaricales;Agaricaceae;Agaricus;NA;
11478.out	0.000366	2	5506	Eukaryota;Ascomycota;Sordariomycetes;Hypocreales;Nectriaceae;Fusarium;NA;
11478.out	0.000366	2	27320	Eukaryota;Ascomycota;Saccharomycetes;Saccharomycetales;Metschnikowiaceae;Metschnikowia;NA;
11478.out	0.000366	2	28228	Bacteria;Proteobacteria;Gammaproteobacteria;Alteromonadales;Colwelliaceae;Colwellia;NA;
11478.out	0.000366	2	28253	Bacteria;Proteobacteria;Gammaproteobacteria;Oceanospirillales;Oceanospirillaceae;Marinomonas;NA;
11478.out	0.000366	2	33951	Bacteria;Firmicutes;Clostridia;Eubacteriales;Eubacteriaceae;Acetobacterium;NA;
11478.out	0.000366	2	34084	Bacteria;Bacteroidetes;Flavobacteriia;Flavobacteriales;Weeksellaceae;Riemerella;NA;
11478.out	0.000366	2	34104	Bacteria;Fusobacteria;Fusobacteriia;Fusobacteriales;Leptotrichiaceae;Streptobacillus;NA;
11478.out	0.000366	2	55506	Bacteria;Firmicutes;Negativicutes;Selenomonadales;Selenomonadaceae;Schwartzia;NA;
11478.out	0.000366	2	56112	Bacteria;Firmicutes;Clostridia;Eubacteriales;Peptococcaceae;Dehalobacter;NA;
11478.out	0.000366	2	57665	Bacteria;Proteobacteria;Epsilonproteobacteria;Campylobacterales;Campylobacteraceae;Sulfurospirillum;NA;
11478.out	0.000366	2	66862	Bacteria;Firmicutes;Bacilli;Bacillales;Paenibacillaceae;Ammoniphilus;NA;
11478.out	0.000366	2	71927	Eukaryota;Basidiomycota;Agaricomycetes;Agaricales;Lyophyllaceae;Termitomyces;NA;
11478.out	0.000366	2	75309	Bacteria;Proteobacteria;Gammaproteobacteria;Xanthomonadales;Rhodanobacteraceae;Rhodanobacter;NA;
11478.out	0.000366	2	83461	Bacteria;Proteobacteria;Deltaproteobacteria;Myxococcales;Myxococcaceae;Corallococcus;NA;
11478.out	0.000366	2	85413	Bacteria;Proteobacteria;Alphaproteobacteria;Hyphomicrobiales;Boseaceae;Bosea;NA;
11478.out	0.000366	2	106591	Bacteria;Proteobacteria;Alphaproteobacteria;Hyphomicrobiales;Rhizobiaceae;Ensifer;NA;
11478.out	0.000366	2	115543	Bacteria;Firmicutes;Clostridia;Eubacteriales;Lachnospiraceae;Parasporobacterium;NA;
11478.out	0.000366	2	129337	Bacteria;Firmicutes;Bacilli;Bacillales;Bacillaceae;Geobacillus;NA;
11478.out	0.000366	2	151038	Bacteria;Firmicutes;Negativicutes;Selenomonadales;Sporomusaceae;Anaeroarcus;NA;
11478.out	0.000366	2	152267	Bacteria;Proteobacteria;Betaproteobacteria;Burkholderiales;Alcaligenaceae;Pigmentiphaga;NA;
11478.out	0.000366	2	174951	Bacteria;Proteobacteria;Betaproteobacteria;Burkholderiales;Comamonadaceae;Ramlibacter;NA;
11478.out	0.000366	2	175304	Bacteria;Firmicutes;Bacilli;Bacillales;Bacillaceae;Lentibacillus;NA;
11478.out	0.000366	2	182709	Bacteria;Firmicutes;Bacilli;Bacillales;Bacillaceae;Oceanobacillus;NA;
11478.out	0.000366	2	188143	Bacteria;Proteobacteria;Gammaproteobacteria;Vibrionales;Vibrionaceae;Enterovibrio;NA;
11478.out	0.000366	2	189330	Bacteria;Firmicutes;Clostridia;Eubacteriales;Lachnospiraceae;Dorea;NA;
11478.out	0.000366	2	204447	Bacteria;Proteobacteria;Alphaproteobacteria;Rhodospirillales;Azospirillaceae;Skermanella;NA;
11478.out	0.000366	2	204456	Bacteria;Proteobacteria;Alphaproteobacteria;Rhodobacterales;Rhodobacteraceae;Gemmobacter;NA;
11478.out	0.000366	2	207244	Bacteria;Firmicutes;Clostridia;Eubacteriales;Lachnospiraceae;Anaerostipes;NA;
11478.out	0.000366	2	232115	Bacteria;Bacteroidetes;Flavobacteriia;Flavobacteriales;Flavobacteriaceae;Mesonia;NA;
11478.out	0.000366	2	305899	Bacteria;Proteobacteria;Gammaproteobacteria;Oceanospirillales;Endozoicomonadaceae;Endozoicomonas;NA;
11478.out	0.000366	2	311181	Bacteria;Proteobacteria;Betaproteobacteria;Nitrosomonadales;Sterolibacteriaceae;Denitratisoma;NA;
11478.out	0.000366	2	315422	Bacteria;Proteobacteria;Alphaproteobacteria;Rhodobacterales;Roseobacteraceae;Palleronia;NA;
11478.out	0.000366	2	329857	Bacteria;Firmicutes;Bacilli;Bacillales;Paenibacillaceae;Cohnella;NA;
11478.out	0.000366	2	335058	Bacteria;Proteobacteria;Betaproteobacteria;Burkholderiales;Comamonadaceae;Pelomonas;NA;
11478.out	0.000366	2	366580	Bacteria;Proteobacteria;Gammaproteobacteria;Alteromonadales;Alteromonadaceae;Bowmanella;NA;
11478.out	0.000366	2	375288	Bacteria;Bacteroidetes;Bacteroidia;Bacteroidales;Tannerellaceae;Parabacteroides;NA;
11478.out	0.000366	2	376488	Bacteria;Proteobacteria;Gammaproteobacteria;Oceanospirillales;Halomonadaceae;Halotalea;NA;
11478.out	0.000366	2	423349	Bacteria;Bacteroidetes;Sphingobacteriia;Sphingobacteriales;Sphingobacteriaceae;Mucilaginibacter;NA;
11478.out	0.000366	2	445219	Bacteria;Proteobacteria;Alphaproteobacteria;Hyphomicrobiales;Reyranellaceae;Reyranella;NA;
11478.out	0.000366	2	511678	Bacteria;Proteobacteria;Gammaproteobacteria;Vibrionales;Vibrionaceae;Aliivibrio;NA;
11478.out	0.000366	2	568987	Bacteria;Proteobacteria;Gammaproteobacteria;Enterobacterales;Enterobacteriaceae;Candidatus Hamiltonella;NA;
11478.out	0.000366	2	588605	Bacteria;Firmicutes;Clostridia;Eubacteriales;Lachnospiraceae;Robinsoniella;NA;
11478.out	0.000366	2	743714	Bacteria;Proteobacteria;Gammaproteobacteria;Orbales;Orbaceae;Orbus;NA;
11478.out	0.000366	2	857334	Bacteria;Proteobacteria;Betaproteobacteria;Rhodocyclales;Rhodocyclaceae;Candidatus Dactylopiibacterium;NA;
11478.out	0.000366	2	885864	Bacteria;Proteobacteria;Betaproteobacteria;Neisseriales;Chromobacteriaceae;Jeongeupia;NA;
11478.out	0.000366	2	929509	Bacteria;Bacteroidetes;Sphingobacteriia;Sphingobacteriales;Sphingobacteriaceae;Solitalea;NA;
11478.out	0.000366	2	1177214	Bacteria;Proteobacteria;Gammaproteobacteria;Enterobacterales;Enterobacteriaceae;Candidatus Profftia;NA;
11478.out	0.000366	2	1229970	Bacteria;Proteobacteria;Betaproteobacteria;Burkholderiales;Oxalobacteraceae;Glaciimonas;NA;
11478.out	0.000366	2	1249554	Bacteria;Proteobacteria;Gammaproteobacteria;Alteromonadales;Idiomarinaceae;Aliidiomarina;NA;
11478.out	0.000366	2	1297562	Bacteria;Proteobacteria;Gammaproteobacteria;Enterobacterales;Erwiniaceae;Phaseolibacter;NA;
11478.out	0.000366	2	1406885	Bacteria;Proteobacteria;Gammaproteobacteria;Alteromonadales;Alteromonadaceae;Aliiglaciecola;NA;
11478.out	0.000366	2	1505768	Bacteria;Proteobacteria;Gammaproteobacteria;Orbales;Orbaceae;Candidatus Schmidhempelia;NA;
11478.out	0.000366	2	1544982	Bacteria;Proteobacteria;Gammaproteobacteria;Xanthomonadales;Rhodanobacteraceae;Mizugakiibacter;NA;
11478.out	0.000366	2	1649468	Bacteria;Proteobacteria;Betaproteobacteria;Burkholderiales;Comamonadaceae;Melaminivora;NA;
11478.out	0.000366	2	1649475	Bacteria;Acidobacteria;Acidobacteriia;Bryobacterales;Bryobacteraceae;Paludibaculum;NA;
11478.out	0.000366	2	1649486	Bacteria;Proteobacteria;Alphaproteobacteria;Sphingomonadales;Sphingomonadaceae;Rhizorhabdus;NA;
11478.out	0.000366	2	1914229	Bacteria;Proteobacteria;Alphaproteobacteria;Rhodospirillales;Rhodospirillaceae;Aliidongia;NA;
11478.out	0.000366	2	1940255	Bacteria;Firmicutes;Clostridia;Eubacteriales;Oscillospiraceae;Fournierella;NA;
11478.out	0.000366	2	2055876	Bacteria;Proteobacteria;Gammaproteobacteria;Enterobacterales;Enterobacteriaceae;Metakosakonia;NA;
11478.out	0.000366	2	2060094	Bacteria;Firmicutes;Clostridia;Eubacteriales;Eubacteriales Family XIII. Incertae Sedis;Aminipila;NA;
11478.out	0.000366	2	2136118	Bacteria;Acidobacteria;Acidobacteriia;Bryobacterales;Solibacteraceae;Candidatus Sulfopaludibacter;NA;
11478.out	0.000366	2	2163168	Bacteria;Firmicutes;Clostridia;Eubacteriales;Lachnospiraceae;Kineothrix;NA;
11478.out	0.000366	2	2316020	Bacteria;Firmicutes;Clostridia;Eubacteriales;Lachnospiraceae;Mediterraneibacter;NA;
11478.out	0.000366	2	2651583	Bacteria;Proteobacteria;Deltaproteobacteria;Desulfuromonadales;Geobacteraceae;Geomonas;NA;
11478.out	0.000366	2	2683336	Bacteria;Firmicutes;Clostridia;Eubacteriales;Clostridiaceae;Abyssisolibacter;NA;
11478.out	0.000366	2	2749846	Bacteria;Firmicutes;Erysipelotrichia;Erysipelotrichales;Erysipelotrichaceae;Amedibacillus;NA;
11478.out	0.000366	2	2782229	Bacteria;Bacteroidetes;Flavobacteriia;Flavobacteriales;Weeksellaceae;Epilithonimonas;NA;
11478.out	0.000366	2	2800373	Bacteria;Firmicutes;Bacilli;Bacillales;Bacillaceae;Priestia;NA;
11478.out	0.000366	2	2866728	Bacteria;Chloroflexi;Ktedonobacteria;Ktedonobacterales;Reticulibacteraceae;Reticulibacter;NA;
11478.out	0.000366	2	2911176	Bacteria;Proteobacteria;Alphaproteobacteria;Hyphomicrobiales;Phyllobacteriaceae;Aquibium;NA;
11478.out	0.000183	1	6	Bacteria;Proteobacteria;Alphaproteobacteria;Hyphomicrobiales;Xanthobacteraceae;Azorhizobium;NA;
11478.out	0.000183	1	59	Bacteria;Proteobacteria;Betaproteobacteria;Neisseriales;Neisseriaceae;Vitreoscilla;NA;
11478.out	0.000183	1	118	Bacteria;Planctomycetes;Planctomycetia;Planctomycetales;Planctomycetaceae;Planctomyces;NA;
11478.out	0.000183	1	157	Bacteria;Spirochaetes;Spirochaetia;Spirochaetales;Treponemataceae;Treponema;NA;
11478.out	0.000183	1	349	Bacteria;Proteobacteria;Betaproteobacteria;Rhodocyclales;Zoogloeaceae;Zoogloea;NA;
11478.out	0.000183	1	475	Bacteria;Proteobacteria;Gammaproteobacteria;Moraxellales;Moraxellaceae;Moraxella;NA;
11478.out	0.000183	1	535	Bacteria;Proteobacteria;Betaproteobacteria;Neisseriales;Chromobacteriaceae;Chromobacterium;NA;
11478.out	0.000183	1	816	Bacteria;Bacteroidetes;Bacteroidia;Bacteroidales;Bacteroidaceae;Bacteroides;NA;
11478.out	0.000183	1	832	Bacteria;Fibrobacteres;Fibrobacteria;Fibrobacterales;Fibrobacteraceae;Fibrobacter;NA;
11478.out	0.000183	1	893	Bacteria;Proteobacteria;Deltaproteobacteria;Desulfobacterales;Desulfobulbaceae;Desulfobulbus;NA;
11478.out	0.000183	1	1047	Bacteria;Proteobacteria;Gammaproteobacteria;Chromatiales;Chromatiaceae;Chromatium;NA;
11478.out	0.000183	1	1051	Bacteria;Proteobacteria;Gammaproteobacteria;Chromatiales;Ectothiorhodospiraceae;Ectothiorhodospira;NA;
11478.out	0.000183	1	1121	Bacteria;Cyanobacteria;NA;Chroococcales;Aphanothecaceae;Aphanothece;NA;
11478.out	0.000183	1	1125	Bacteria;Cyanobacteria;NA;Chroococcales;Microcystaceae;Microcystis;NA;
11478.out	0.000183	1	1129	Bacteria;Cyanobacteria;NA;Synechococcales;Synechococcaceae;Synechococcus;NA;
11478.out	0.000183	1	1186	Bacteria;Cyanobacteria;NA;Nostocales;Calotrichaceae;Calothrix;NA;
11478.out	0.000183	1	1263	Bacteria;Firmicutes;Clostridia;Eubacteriales;Oscillospiraceae;Ruminococcus;NA;
11478.out	0.000183	1	1678	Bacteria;Actinobacteria;Actinomycetia;Bifidobacteriales;Bifidobacteriaceae;Bifidobacterium;NA;
11478.out	0.000183	1	1730	Bacteria;Firmicutes;Clostridia;Eubacteriales;Eubacteriaceae;Eubacterium;NA;
11478.out	0.000183	1	1813	Bacteria;Actinobacteria;Actinomycetia;Pseudonocardiales;Pseudonocardiaceae;Amycolatopsis;NA;
11478.out	0.000183	1	1854	Bacteria;Actinobacteria;Actinomycetia;Frankiales;Frankiaceae;Frankia;NA;
11478.out	0.000183	1	1988	Bacteria;Actinobacteria;Actinomycetia;Streptosporangiales;Thermomonosporaceae;Actinomadura;NA;
11478.out	0.000183	1	2005	Bacteria;Actinobacteria;Actinomycetia;Streptosporangiales;Streptosporangiaceae;Microbispora;NA;
11478.out	0.000183	1	2023	Bacteria;Firmicutes;Bacilli;Bacillales;Thermoactinomycetaceae;Thermoactinomyces;NA;
11478.out	0.000183	1	2357	Bacteria;Proteobacteria;Deltaproteobacteria;Syntrophales;Syntrophaceae;Desulfomonile;NA;
11478.out	0.000183	1	2849	Eukaryota;Bacillariophyta;Bacillariophyceae;Naviculales;Phaeodactylaceae;Phaeodactylum;NA;
11478.out	0.000183	1	2949	Eukaryota;NA;Dinophyceae;Suessiales;Symbiodiniaceae;Symbiodinium;NA;
11478.out	0.000183	1	3071	Eukaryota;Chlorophyta;Trebouxiophyceae;Chlorellales;Chlorellaceae;Chlorella;NA;
11478.out	0.000183	1	4780	Eukaryota;Oomycota;NA;Peronosporales;Peronosporaceae;Plasmopara;NA;
11478.out	0.000183	1	4828	Eukaryota;Mucoromycota;Mucoromycetes;Mucorales;Cunninghamellaceae;Absidia;NA;
11478.out	0.000183	1	4830	Eukaryota;Mucoromycota;Mucoromycetes;Mucorales;Mucoraceae;Mucor;NA;
11478.out	0.000183	1	5073	Eukaryota;Ascomycota;Eurotiomycetes;Eurotiales;Aspergillaceae;Penicillium;NA;
11478.out	0.000183	1	5206	Eukaryota;Basidiomycota;Tremellomycetes;Tremellales;Cryptococcaceae;Cryptococcus;NA;
11478.out	0.000183	1	5277	Eukaryota;Basidiomycota;Microbotryomycetes;Leucosporidiales;Leucosporidiaceae;Leucosporidium;NA;
11478.out	0.000183	1	5324	Eukaryota;Basidiomycota;Agaricomycetes;Polyporales;Polyporaceae;Trametes;NA;
11478.out	0.000183	1	13134	Bacteria;Proteobacteria;Alphaproteobacteria;Rhodospirillales;Rhodospirillaceae;Magnetospirillum;NA;
11478.out	0.000183	1	13275	Bacteria;Proteobacteria;Gammaproteobacteria;Cardiobacteriales;Cardiobacteriaceae;Suttonella;NA;
11478.out	0.000183	1	28033	Bacteria;Firmicutes;Clostridia;Eubacteriales;Clostridiales Family XVII. Incertae Sedis;Sulfobacillus;NA;
11478.out	0.000183	1	28067	Bacteria;Proteobacteria;Betaproteobacteria;Burkholderiales;NA;Rubrivivax;NA;
11478.out	0.000183	1	28186	Bacteria;Firmicutes;Clostridia;Halanaerobiales;Halobacteroidaceae;Acetohalobium;NA;
11478.out	0.000183	1	28231	Bacteria;Proteobacteria;Deltaproteobacteria;Desulfuromonadales;Geobacteraceae;Geobacter;NA;
11478.out	0.000183	1	29574	Bacteria;Proteobacteria;Betaproteobacteria;Burkholderiales;Alcaligenaceae;Taylorella;NA;
11478.out	0.000183	1	32068	Bacteria;Fusobacteria;Fusobacteriia;Fusobacteriales;Leptotrichiaceae;Sebaldella;NA;
11478.out	0.000183	1	33042	Bacteria;Firmicutes;Clostridia;Eubacteriales;Lachnospiraceae;Coprococcus;NA;
11478.out	0.000183	1	33986	Bacteria;Firmicutes;Bacilli;Bacillales;NA;Exiguobacterium;NA;
11478.out	0.000183	1	34008	Bacteria;Proteobacteria;Alphaproteobacteria;Rhodobacterales;Rhodobacteraceae;Rhodovulum;NA;
11478.out	0.000183	1	34016	Bacteria;Proteobacteria;Alphaproteobacteria;Hyphomicrobiales;Rhodobiaceae;Rhodobium;NA;
11478.out	0.000183	1	34019	Bacteria;Proteobacteria;Alphaproteobacteria;Hyphomicrobiales;Rhizobiaceae;Liberibacter;NA;
11478.out	0.000183	1	34098	Bacteria;Bacteroidetes;Flavobacteriia;Flavobacteriales;Blattabacteriaceae;Blattabacterium;NA;
11478.out	0.000183	1	34433	Eukaryota;Basidiomycota;Agaricomycetes;Agaricales;Agaricaceae;Leucoagaricus;NA;
11478.out	0.000183	1	34435	Eukaryota;Basidiomycota;Agaricomycetes;Agaricales;Agaricaceae;Macrolepiota;NA;
11478.out	0.000183	1	34448	Eukaryota;Basidiomycota;Agaricomycetes;Agaricales;Marasmiaceae;Marasmius;NA;
11478.out	0.000183	1	35838	Bacteria;Acidobacteria;Holophagae;Holophagales;Holophagaceae;Holophaga;NA;
11478.out	0.000183	1	39643	Bacteria;Proteobacteria;Deltaproteobacteria;Myxococcales;Polyangiaceae;Sorangium;NA;
11478.out	0.000183	1	39845	Bacteria;Actinobacteria;Actinomycetia;Pseudonocardiales;Pseudonocardiaceae;Actinokineospora;NA;
11478.out	0.000183	1	40544	Bacteria;Proteobacteria;Betaproteobacteria;Burkholderiales;Sutterellaceae;Sutterella;NA;
11478.out	0.000183	1	40751	Bacteria;Proteobacteria;Gammaproteobacteria;Thiotrichales;Thiotrichaceae;Thioploca;NA;
11478.out	0.000183	1	42054	Bacteria;Proteobacteria;Gammaproteobacteria;Oceanospirillales;Halomonadaceae;Chromohalobacter;NA;
11478.out	0.000183	1	43668	Bacteria;Actinobacteria;Actinomycetia;Micrococcales;Dermabacteraceae;Brachybacterium;NA;
11478.out	0.000183	1	43673	Bacteria;Actinobacteria;Actinomycetia;Micrococcales;Jonesiaceae;Jonesia;NA;
11478.out	0.000183	1	44011	Bacteria;Proteobacteria;Gammaproteobacteria;Alteromonadales;Ferrimonadaceae;Ferrimonas;NA;
11478.out	0.000183	1	44013	Bacteria;Proteobacteria;Betaproteobacteria;Burkholderiales;Burkholderiaceae;Polynucleobacter;NA;
11478.out	0.000183	1	44261	Bacteria;Firmicutes;Clostridia;Eubacteriales;Clostridiaceae;Oxobacter;NA;
11478.out	0.000183	1	44471	Bacteria;Cyanobacteria;NA;Oscillatoriales;Microcoleaceae;Microcoleus;NA;
11478.out	0.000183	1	46254	Bacteria;Firmicutes;Bacilli;Lactobacillales;Lactobacillaceae;Oenococcus;NA;
11478.out	0.000183	1	46913	Bacteria;Proteobacteria;Alphaproteobacteria;Hyphomicrobiales;Devosiaceae;Devosia;NA;
11478.out	0.000183	1	48075	Bacteria;Proteobacteria;Gammaproteobacteria;Oceanospirillales;Oceanospirillaceae;Marinobacterium;NA;
11478.out	0.000183	1	51196	Bacteria;Firmicutes;Clostridia;Eubacteriales;Peptococcaceae;Syntrophobotulus;NA;
11478.out	0.000183	1	51514	Bacteria;Firmicutes;Clostridia;Eubacteriales;Peptococcaceae;Dehalobacterium;NA;
11478.out	0.000183	1	51668	Bacteria;Firmicutes;Bacilli;Lactobacillales;Enterococcaceae;Tetragenococcus;NA;
11478.out	0.000183	1	53370	Bacteria;Actinobacteria;Actinomycetia;Micromonosporales;Micromonosporaceae;Pilimelia;NA;
11478.out	0.000183	1	57493	Bacteria;Actinobacteria;Actinomycetia;Micrococcales;Micrococcaceae;Kocuria;NA;
11478.out	0.000183	1	57494	Bacteria;Actinobacteria;Actinomycetia;Micrococcales;Micrococcaceae;Nesterenkonia;NA;
11478.out	0.000183	1	59734	Bacteria;Bacteroidetes;Flavobacteriia;Flavobacteriales;Weeksellaceae;Empedobacter;NA;
11478.out	0.000183	1	59753	Bacteria;Proteobacteria;Gammaproteobacteria;Oceanospirillales;Alcanivoracaceae;Alcanivorax;NA;
11478.out	0.000183	1	61170	Bacteria;Firmicutes;Erysipelotrichia;Erysipelotrichales;Erysipelotrichaceae;Holdemania;NA;
11478.out	0.000183	1	63261	Eukaryota;Basidiomycota;Ustilaginomycetes;Ustilaginales;Ustilaginaceae;Moesziomyces;NA;
11478.out	0.000183	1	65047	Bacteria;Proteobacteria;Betaproteobacteria;Burkholderiales;NA;Mitsuaria;NA;
11478.out	0.000183	1	67572	Bacteria;Proteobacteria;Gammaproteobacteria;Alteromonadales;Psychromonadaceae;Psychromonas;NA;
11478.out	0.000183	1	69278	Bacteria;Proteobacteria;Alphaproteobacteria;Hyphomicrobiales;Phyllobacteriaceae;Aquamicrobium;NA;
11478.out	0.000183	1	69578	Bacteria;Actinobacteria;Actinomycetia;Micrococcales;Microbacteriaceae;Cryobacterium;NA;
11478.out	0.000183	1	69965	Bacteria;Firmicutes;Bacilli;Bacillales;Staphylococcaceae;Macrococcus;NA;
11478.out	0.000183	1	74030	Bacteria;Proteobacteria;Alphaproteobacteria;Rhodobacterales;Roseobacteraceae;Roseovarius;NA;
11478.out	0.000183	1	76008	Bacteria;Firmicutes;Clostridia;Eubacteriales;Eubacteriales Family XII. Incertae Sedis;Fusibacter;NA;
11478.out	0.000183	1	82202	Bacteria;Firmicutes;Negativicutes;Selenomonadales;Selenomonadaceae;Centipeda;NA;
11478.out	0.000183	1	82802	Bacteria;Firmicutes;Bacilli;Lactobacillales;Carnobacteriaceae;Trichococcus;NA;
11478.out	0.000183	1	83551	Bacteria;Chlamydiae;Chlamydiia;Parachlamydiales;Parachlamydiaceae;Parachlamydia;NA;
11478.out	0.000183	1	84406	Bacteria;Firmicutes;Bacilli;Bacillales;Bacillaceae;Virgibacillus;NA;
11478.out	0.000183	1	84646	Bacteria;Proteobacteria;Alphaproteobacteria;Holosporales;Candidatus Paracaedibacteraceae;Candidatus Odyssella;NA;
11478.out	0.000183	1	88875	Bacteria;Proteobacteria;Betaproteobacteria;Rhodocyclales;Azonexaceae;Ferribacterium;NA;
11478.out	0.000183	1	89958	Bacteria;Firmicutes;Clostridia;Eubacteriales;Clostridiaceae;Natronincola;NA;
11478.out	0.000183	1	92793	Bacteria;Proteobacteria;Betaproteobacteria;Burkholderiales;NA;Aquabacterium;NA;
11478.out	0.000183	1	93171	Bacteria;Candidatus Tectomicrobia;NA;NA;NA;Candidatus Entotheonella;NA;
11478.out	0.000183	1	93368	Bacteria;Proteobacteria;Alphaproteobacteria;Hyphomicrobiales;Phyllobacteriaceae;Pseudaminobacter;NA;
11478.out	0.000183	1	93681	Bacteria;Proteobacteria;Betaproteobacteria;Burkholderiales;NA;Roseateles;NA;
11478.out	0.000183	1	102231	Bacteria;Cyanobacteria;NA;Chroococcales;Chroococcaceae;Gloeocapsa;NA;
11478.out	0.000183	1	110932	Bacteria;Actinobacteria;Actinomycetia;Micrococcales;Microbacteriaceae;Leifsonia;NA;
11478.out	0.000183	1	114248	Bacteria;Proteobacteria;Betaproteobacteria;Burkholderiales;NA;Tepidimonas;NA;
11478.out	0.000183	1	126838	Eukaryota;Chlorophyta;Trebouxiophyceae;Chlorellales;Chlorellaceae;Micractinium;NA;
11478.out	0.000183	1	132607	Bacteria;Cyanobacteria;NA;Oscillatoriales;Microcoleaceae;Planktothricoides;NA;
11478.out	0.000183	1	135575	Bacteria;Proteobacteria;Gammaproteobacteria;Alteromonadales;Idiomarinaceae;Idiomarina;NA;
11478.out	0.000183	1	136491	Bacteria;Firmicutes;Bacilli;Lactobacillales;Carnobacteriaceae;Atopobacter;NA;
11478.out	0.000183	1	146775	Eukaryota;Basidiomycota;Agaricomycetes;Phallales;Phallaceae;Dictyophora;NA;
11478.out	0.000183	1	150247	Bacteria;Firmicutes;Bacilli;Bacillales;Bacillaceae;Anoxybacillus;NA;
11478.out	0.000183	1	150818	Bacteria;Firmicutes;Clostridia;Eubacteriales;Heliobacteriaceae;Heliophilum;NA;
11478.out	0.000183	1	150830	Bacteria;Proteobacteria;Alphaproteobacteria;Hyphomicrobiales;Stappiaceae;Roseibium;NA;
11478.out	0.000183	1	155493	Bacteria;Proteobacteria;Gammaproteobacteria;Pasteurellales;Pasteurellaceae;Gallibacterium;NA;
11478.out	0.000183	1	156454	Bacteria;Firmicutes;Negativicutes;Veillonellales;Veillonellaceae;Anaeroglobus;NA;
11478.out	0.000183	1	156993	Bacteria;Bacteroidetes;Cytophagia;Cytophagales;Reichenbachiellaceae;Reichenbachiella;NA;
11478.out	0.000183	1	157226	Bacteria;Firmicutes;Bacilli;Bacillales;Planococcaceae;Jeotgalibacillus;NA;
11478.out	0.000183	1	157591	Bacteria;Proteobacteria;Betaproteobacteria;Nitrosomonadales;Sterolibacteriaceae;Sterolibacterium;NA;
11478.out	0.000183	1	157920	Bacteria;Actinobacteria;Actinomycetia;Micrococcales;Promicromonosporaceae;Cellulosimicrobium;NA;
11478.out	0.000183	1	158481	Bacteria;Proteobacteria;Gammaproteobacteria;Oceanospirillales;Hahellaceae;Hahella;NA;
11478.out	0.000183	1	160433	Bacteria;Proteobacteria;Gammaproteobacteria;Enterobacterales;Pectobacteriaceae;Samsonia;NA;
11478.out	0.000183	1	160798	Bacteria;Thermotogae;Thermotogae;Petrotogales;Petrotogaceae;Marinitoga;NA;
11478.out	0.000183	1	162289	Bacteria;Firmicutes;Tissierellia;Tissierellales;Peptoniphilaceae;Peptoniphilus;NA;
11478.out	0.000183	1	165301	Bacteria;Actinobacteria;Actinomycetia;Pseudonocardiales;Pseudonocardiaceae;Lentzea;NA;
11478.out	0.000183	1	177971	Bacteria;Firmicutes;Clostridia;Eubacteriales;Lachnospiraceae;Shuttleworthia;NA;
11478.out	0.000183	1	178440	Bacteria;Verrucomicrobia;Opitutae;Opitutales;Opitutaceae;Opitutus;NA;
11478.out	0.000183	1	182639	Bacteria;Actinobacteria;Actinomycetia;Propionibacteriales;Kribbellaceae;Kribbella;NA;
11478.out	0.000183	1	183669	Bacteria;Proteobacteria;Betaproteobacteria;Burkholderiales;Comamonadaceae;Macromonas;NA;
11478.out	0.000183	1	191373	Bacteria;Firmicutes;Clostridia;Eubacteriales;Peptococcaceae;Pelotomaculum;NA;
11478.out	0.000183	1	196079	Bacteria;Proteobacteria;Gammaproteobacteria;Oceanospirillales;Oceanospirillaceae;Oceanobacter;NA;
11478.out	0.000183	1	198705	Bacteria;Proteobacteria;Betaproteobacteria;Burkholderiales;Comamonadaceae;Lampropedia;NA;
11478.out	0.000183	1	204476	Bacteria;Proteobacteria;Alphaproteobacteria;Hyphomicrobiales;Xanthobacteraceae;Labrys;NA;
11478.out	0.000183	1	206664	Bacteria;Proteobacteria;Deltaproteobacteria;Desulfovibrionales;Desulfohalobiaceae;Desulfonauticus;NA;
11478.out	0.000183	1	209260	Bacteria;Proteobacteria;Alphaproteobacteria;Rhodospirillales;Acetobacteraceae;Swaminathania;NA;
11478.out	0.000183	1	212791	Bacteria;Proteobacteria;Alphaproteobacteria;Hyphomicrobiales;NA;Enhydrobacter;NA;
11478.out	0.000183	1	213223	Bacteria;Proteobacteria;Deltaproteobacteria;Desulfuromonadales;Geobacteraceae;Geothermobacter;NA;
11478.out	0.000183	1	216851	Bacteria;Firmicutes;Clostridia;Eubacteriales;Oscillospiraceae;Faecalibacterium;NA;
11478.out	0.000183	1	219181	Bacteria;Proteobacteria;Betaproteobacteria;Burkholderiales;Comamonadaceae;Ottowia;NA;
11478.out	0.000183	1	224458	Bacteria;Proteobacteria;Deltaproteobacteria;Myxococcales;Myxococcaceae;Pyxidicoccus;NA;
11478.out	0.000183	1	230494	Bacteria;Proteobacteria;Gammaproteobacteria;Oceanospirillales;Saccharospirillaceae;Reinekea;NA;
11478.out	0.000183	1	232523	Bacteria;Proteobacteria;Betaproteobacteria;Burkholderiales;Comamonadaceae;Hylemonella;NA;
11478.out	0.000183	1	233189	Bacteria;Chloroflexi;Anaerolineae;Anaerolineales;Anaerolineaceae;Anaerolinea;NA;
11478.out	0.000183	1	240411	Bacteria;Proteobacteria;Betaproteobacteria;Burkholderiales;Burkholderiaceae;Chitinimonas;NA;
11478.out	0.000183	1	254250	Bacteria;Actinobacteria;Actinomycetia;Micrococcales;Promicromonosporaceae;Isoptericola;NA;
11478.out	0.000183	1	261825	Bacteria;Proteobacteria;Gammaproteobacteria;Alteromonadales;Alteromonadaceae;Agarivorans;NA;
11478.out	0.000183	1	263377	Bacteria;Proteobacteria;Alphaproteobacteria;Rhodobacterales;Roseobacteraceae;Salipiger;NA;
11478.out	0.000183	1	265487	Bacteria;Planctomycetes;Planctomycetia;Pirellulales;Pirellulaceae;Blastopirellula;NA;
11478.out	0.000183	1	265975	Bacteria;Firmicutes;Clostridia;Eubacteriales;Lachnospiraceae;Oribacterium;NA;
11478.out	0.000183	1	271159	Bacteria;Proteobacteria;Gammaproteobacteria;Pasteurellales;Pasteurellaceae;Nicoletella;NA;
11478.out	0.000183	1	274470	Bacteria;Firmicutes;Clostridia;Eubacteriales;Eubacteriaceae;Alkalibacter;NA;
11478.out	0.000183	1	274591	Bacteria;Proteobacteria;Alphaproteobacteria;Hyphomicrobiales;Phyllobacteriaceae;Hoeflea;NA;
11478.out	0.000183	1	283810	Bacteria;Actinobacteria;Actinomycetia;Glycomycetales;Glycomycetaceae;Stackebrandtia;NA;
11478.out	0.000183	1	292486	Bacteria;Proteobacteria;Gammaproteobacteria;Pasteurellales;Pasteurellaceae;Avibacterium;NA;
11478.out	0.000183	1	303379	Bacteria;Proteobacteria;Betaproteobacteria;Burkholderiales;Oxalobacteraceae;Herminiimonas;NA;
11478.out	0.000183	1	305976	Bacteria;Proteobacteria;Betaproteobacteria;Burkholderiales;Alcaligenaceae;Pusillimonas (ex Stolz et al. 2005);NA;
11478.out	0.000183	1	312063	Bacteria;Proteobacteria;Betaproteobacteria;Burkholderiales;Comamonadaceae;Azohydromonas;NA;
11478.out	0.000183	1	312278	Bacteria;Bacteroidetes;Cytophagia;Cytophagales;Spirosomaceae;Emticicia;NA;
11478.out	0.000183	1	316612	Bacteria;Proteobacteria;Betaproteobacteria;Burkholderiales;NA;Methylibium;NA;
11478.out	0.000183	1	321315	Bacteria;Actinobacteria;Actinomycetia;Streptosporangiales;Streptosporangiaceae;Sphaerisporangium;NA;
11478.out	0.000183	1	323620	Bacteria;Proteobacteria;Alphaproteobacteria;Hyphomicrobiales;Rhizobiaceae;Shinella;NA;
11478.out	0.000183	1	327159	Bacteria;Proteobacteria;Betaproteobacteria;NA;NA;Candidatus Accumulibacter;NA;
11478.out	0.000183	1	336803	Bacteria;Proteobacteria;Gammaproteobacteria;Enterobacterales;Thorselliaceae;Thorsellia;NA;
11478.out	0.000183	1	354349	Bacteria;Proteobacteria;Alphaproteobacteria;Hyphomicrobiales;Brucellaceae;Pseudochrobactrum;NA;
11478.out	0.000183	1	354354	Bacteria;Bacteroidetes;Chitinophagia;Chitinophagales;Chitinophagaceae;Niastella;NA;
11478.out	0.000183	1	359336	Bacteria;Proteobacteria;Betaproteobacteria;Burkholderiales;Alcaligenaceae;Castellaniella;NA;
11478.out	0.000183	1	359407	Bacteria;Proteobacteria;Betaproteobacteria;Nitrosomonadales;Methylophilaceae;Methylotenera;NA;
11478.out	0.000183	1	364316	Bacteria;Proteobacteria;Betaproteobacteria;Burkholderiales;Comamonadaceae;Verminephrobacter;NA;
11478.out	0.000183	1	378210	Bacteria;Proteobacteria;Betaproteobacteria;Nitrosomonadales;Sterolibacteriaceae;Methyloversatilis;NA;
11478.out	0.000183	1	380240	Bacteria;Planctomycetes;Candidatus Brocadiia;Candidatus Brocadiales;Candidatus Brocadiaceae;Candidatus Brocadia;NA;
11478.out	0.000183	1	388463	Bacteria;Acidobacteria;Acidobacteriia;Acidobacteriales;Acidobacteriaceae;Edaphobacter;NA;
11478.out	0.000183	1	397275	Bacteria;Proteobacteria;Betaproteobacteria;Neisseriales;Chromobacteriaceae;Andreprevotia;NA;
11478.out	0.000183	1	397456	Bacteria;Proteobacteria;Betaproteobacteria;Neisseriales;Chromobacteriaceae;Gulbenkiania;NA;
11478.out	0.000183	1	397864	Bacteria;Bacteroidetes;Bacteroidia;Bacteroidales;Barnesiellaceae;Barnesiella;NA;
11478.out	0.000183	1	399320	Bacteria;Spirochaetes;Spirochaetia;Spirochaetales;Sphaerochaetaceae;Sphaerochaeta;NA;
11478.out	0.000183	1	400634	Bacteria;Firmicutes;Bacilli;Bacillales;Bacillaceae;Lysinibacillus;NA;
11478.out	0.000183	1	413435	Bacteria;Proteobacteria;Gammaproteobacteria;Nevskiales;Sinobacteraceae;Solimonas;NA;
11478.out	0.000183	1	415014	Bacteria;Firmicutes;Clostridia;Eubacteriales;NA;Proteiniborus;NA;
11478.out	0.000183	1	416212	Bacteria;Proteobacteria;Betaproteobacteria;Ferrovales;Ferrovaceae;Ferrovum;NA;
11478.out	0.000183	1	416916	Bacteria;Proteobacteria;Gammaproteobacteria;Pasteurellales;Pasteurellaceae;Aggregatibacter;NA;
11478.out	0.000183	1	456492	Bacteria;Firmicutes;Bacilli;Bacillales;Paenibacillaceae;Saccharibacillus;NA;
11478.out	0.000183	1	469322	Bacteria;Proteobacteria;Gammaproteobacteria;Nevskiales;Steroidobacteraceae;Steroidobacter;NA;
11478.out	0.000183	1	496496	Bacteria;Firmicutes;Bacilli;Bacillales;Planococcaceae;Viridibacillus;NA;
11478.out	0.000183	1	499228	Bacteria;Firmicutes;Clostridia;Thermosediminibacterales;Tepidanaerobacteraceae;Tepidanaerobacter;NA;
11478.out	0.000183	1	504090	Bacteria;Proteobacteria;Gammaproteobacteria;Oceanospirillales;Halomonadaceae;Kushneria;NA;
11478.out	0.000183	1	504465	Bacteria;Proteobacteria;Alphaproteobacteria;Rhodospirillales;Acetobacteraceae;Rhodovastum;NA;
11478.out	0.000183	1	516086	Bacteria;Firmicutes;Clostridia;Eubacteriales;Thermohalobacteraceae;Clostridiisalibacter;NA;
11478.out	0.000183	1	543311	Bacteria;Firmicutes;Tissierellia;Tissierellales;Peptoniphilaceae;Parvimonas;NA;
11478.out	0.000183	1	551759	Bacteria;Proteobacteria;Betaproteobacteria;Rhodocyclales;Rhodocyclaceae;Aromatoleum;NA;
11478.out	0.000183	1	561442	Bacteria;Firmicutes;Clostridia;Eubacteriales;NA;Anaerovirgula;NA;
11478.out	0.000183	1	568988	Bacteria;Proteobacteria;Gammaproteobacteria;Enterobacterales;Enterobacteriaceae;Candidatus Regiella;NA;
11478.out	0.000183	1	580374	Bacteria;Actinobacteria;Actinomycetia;Micrococcales;Microbacteriaceae;Klugiella;NA;
11478.out	0.000183	1	596767	Bacteria;Firmicutes;Clostridia;Eubacteriales;Oscillospiraceae;Hydrogenoanaerobacterium;NA;
11478.out	0.000183	1	650341	Bacteria;Proteobacteria;Betaproteobacteria;Neisseriales;Chromobacteriaceae;Leeia;NA;
11478.out	0.000183	1	661182	Bacteria;Proteobacteria;Gammaproteobacteria;Pseudomonadales;Perlucidibacaceae;Perlucidibaca;NA;
11478.out	0.000183	1	666508	Bacteria;Planctomycetes;Phycisphaerae;Phycisphaerales;Phycisphaeraceae;Phycisphaera;NA;
11478.out	0.000183	1	690565	Bacteria;Actinobacteria;Actinomycetia;Micrococcales;Beutenbergiaceae;Serinibacter;NA;
11478.out	0.000183	1	696745	Bacteria;Firmicutes;Clostridia;Eubacteriales;Eubacteriaceae;Alkalibaculum;NA;
11478.out	0.000183	1	763439	Bacteria;Proteobacteria;Betaproteobacteria;Burkholderiales;Comamonadaceae;Caenimonas;NA;
11478.out	0.000183	1	765413	Bacteria;Proteobacteria;Alphaproteobacteria;Rhodobacterales;Roseobacteraceae;Pelagicola;NA;
11478.out	0.000183	1	862071	Bacteria;Firmicutes;Clostridia;Thermoanaerobacterales;Thermoanaerobacterales Family III. Incertae Sedis;Syntrophaceticus;NA;
11478.out	0.000183	1	995729	Bacteria;Nitrospirae;Nitrospira;Nitrospirales;Nitrospiraceae;Candidatus Magnetoovum;NA;
11478.out	0.000183	1	1048757	Bacteria;Proteobacteria;Gammaproteobacteria;Enterobacterales;Enterobacteriaceae;Candidatus Moranella;NA;
11478.out	0.000183	1	1074468	Bacteria;Proteobacteria;Betaproteobacteria;Burkholderiales;Alcaligenaceae;Candidimonas;NA;
11478.out	0.000183	1	1076625	Bacteria;Proteobacteria;Gammaproteobacteria;NA;NA;Candidatus Steffania;NA;
11478.out	0.000183	1	1084558	Bacteria;Proteobacteria;Gammaproteobacteria;Cellvibrionales;Spongiibacteraceae;Oceanicoccus;NA;
11478.out	0.000183	1	1100891	Bacteria;Proteobacteria;Betaproteobacteria;Burkholderiales;Alcaligenaceae;Paenalcaligenes;NA;
11478.out	0.000183	1	1124625	Bacteria;Proteobacteria;Alphaproteobacteria;Sphingomonadales;Sphingomonadaceae;Stakelama;NA;
11478.out	0.000183	1	1155385	Bacteria;Firmicutes;Clostridia;Eubacteriales;Clostridiaceae;Proteiniclasticum;NA;
11478.out	0.000183	1	1155738	Bacteria;Cyanobacteria;NA;Oscillatoriales;Oscillatoriaceae;Moorena;NA;
11478.out	0.000183	1	1217101	Bacteria;Actinobacteria;Actinomycetia;Jiangellales;Jiangellaceae;Haloactinopolyspora;NA;
11478.out	0.000183	1	1223303	Bacteria;Proteobacteria;Alphaproteobacteria;Rhodospirillales;Acetobacteraceae;Humitalea;NA;
11478.out	0.000183	1	1233054	Bacteria;Proteobacteria;Alphaproteobacteria;Rhodobacterales;Rhodobacteraceae;Oceanicella;NA;
11478.out	0.000183	1	1321364	Bacteria;Proteobacteria;Alphaproteobacteria;Hyphomicrobiales;Rhodovibrionaceae;Tistlia;NA;
11478.out	0.000183	1	1329200	Bacteria;Firmicutes;Bacilli;Bacillales;Bacillaceae;Fictibacillus;NA;
11478.out	0.000183	1	1335631	Bacteria;Proteobacteria;Gammaproteobacteria;Orbales;Orbaceae;Frischella;NA;
11478.out	0.000183	1	1348611	Bacteria;Firmicutes;Clostridia;Eubacteriales;Vallitaleaceae;Vallitalea;NA;
11478.out	0.000183	1	1392389	Bacteria;Firmicutes;Clostridia;Eubacteriales;NA;Intestinimonas;NA;
11478.out	0.000183	1	1403714	Bacteria;Proteobacteria;Betaproteobacteria;Burkholderiales;Alcaligenaceae;Parapusillimonas;NA;
11478.out	0.000183	1	1407607	Bacteria;Firmicutes;Clostridia;Eubacteriales;Lachnospiraceae;Fusicatenibacter;NA;
11478.out	0.000183	1	1433992	Bacteria;Proteobacteria;Betaproteobacteria;NA;NA;Chitinivorax;NA;
11478.out	0.000183	1	1433995	Bacteria;Bacteroidetes;Flavobacteriia;Flavobacteriales;Weeksellaceae;Cruoricaptor;NA;
11478.out	0.000183	1	1434001	Bacteria;Proteobacteria;Betaproteobacteria;Burkholderiales;Comamonadaceae;Extensimonas;NA;
11478.out	0.000183	1	1434005	Bacteria;Proteobacteria;Gammaproteobacteria;Nevskiales;Sinobacteraceae;Fontimonas;NA;
11478.out	0.000183	1	1434038	Bacteria;Actinobacteria;Actinomycetia;Micrococcales;Dermacoccaceae;Rudaeicoccus;NA;
11478.out	0.000183	1	1434044	Bacteria;Proteobacteria;Gammaproteobacteria;Cellvibrionales;Spongiibacteraceae;Sinobacterium;NA;
11478.out	0.000183	1	1477505	Bacteria;Proteobacteria;Betaproteobacteria;Burkholderiales;Alcaligenaceae;Eoetvoesia;NA;
11478.out	0.000183	1	1501224	Bacteria;Firmicutes;NA;NA;NA;Hydrogenispora;NA;
11478.out	0.000183	1	1501226	Bacteria;Firmicutes;Clostridia;Eubacteriales;Peptostreptococcaceae;Romboutsia;NA;
11478.out	0.000183	1	1502941	Bacteria;Proteobacteria;Gammaproteobacteria;Oceanospirillales;Pleioneaceae;Pleionea;NA;
11478.out	0.000183	1	1506577	Bacteria;Firmicutes;Clostridia;Eubacteriales;Lachnospiraceae;Tyzzerella;NA;
11478.out	0.000183	1	1508657	Bacteria;Firmicutes;Clostridia;Eubacteriales;Oscillospiraceae;Ruminiclostridium;NA;
11478.out	0.000183	1	1543705	Bacteria;Proteobacteria;Alphaproteobacteria;Rhodospirillales;Azospirillaceae;Nitrospirillum;NA;
11478.out	0.000183	1	1562565	Bacteria;Acidobacteria;Blastocatellia;Blastocatellales;Pyrinomonadaceae;Pyrinomonas;NA;
11478.out	0.000183	1	1608404	Bacteria;Proteobacteria;Alphaproteobacteria;Rhodobacterales;Rhodobacteraceae;Puniceibacterium;NA;
11478.out	0.000183	1	1635148	Bacteria;Bacteroidetes;Bacteroidia;Bacteroidales;Porphyromonadaceae;Sanguibacteroides;NA;
11478.out	0.000183	1	1648491	Bacteria;Actinobacteria;Acidimicrobiia;Acidimicrobiales;Iamiaceae;Aquihabitans;NA;
11478.out	0.000183	1	1649292	Bacteria;Proteobacteria;Alphaproteobacteria;Hyphomicrobiales;Brucellaceae;Falsochrobactrum;NA;
11478.out	0.000183	1	1649453	Bacteria;Planctomycetes;Planctomycetia;Planctomycetales;Planctomycetaceae;Gimesia;NA;
11478.out	0.000183	1	1649470	Bacteria;Proteobacteria;Deltaproteobacteria;Myxococcales;NA;Minicystis;NA;
11478.out	0.000183	1	1654787	Bacteria;Proteobacteria;Gammaproteobacteria;Pseudomonadales;Pseudomonadaceae;Thiopseudomonas;NA;
11478.out	0.000183	1	1654934	Bacteria;Proteobacteria;Deltaproteobacteria;Desulfobacterales;Desulfobulbaceae;Desulfoprunum;NA;
11478.out	0.000183	1	1679449	Bacteria;Proteobacteria;Alphaproteobacteria;Rhodobacterales;Rhodobacteraceae;Pseudooceanicola;NA;
11478.out	0.000183	1	1734920	Bacteria;Proteobacteria;Alphaproteobacteria;Hyphomicrobiales;NA;Pseudorhodoplanes;NA;
11478.out	0.000183	1	1738645	Bacteria;Firmicutes;Clostridia;Eubacteriales;Oscillospiraceae;Caproiciproducens;NA;
11478.out	0.000183	1	1742992	Bacteria;Actinobacteria;Actinomycetia;Micrococcales;Micrococcaceae;Paenarthrobacter;NA;
11478.out	0.000183	1	1751872	Bacteria;Proteobacteria;Gammaproteobacteria;Alteromonadales;Alteromonadaceae;Lacimicrobium;NA;
11478.out	0.000183	1	1762932	Bacteria;Bacteroidetes;Flavobacteriia;Flavobacteriales;Weeksellaceae;Algoriella;NA;
11478.out	0.000183	1	1765964	Bacteria;Proteobacteria;Gammaproteobacteria;Chromatiales;Ectothiorhodospiraceae;Acidihalobacter;NA;
11478.out	0.000183	1	1768185	Bacteria;Acidobacteria;Acidobacteriia;Acidobacteriales;Acidobacteriaceae;Terracidiphilus;NA;
11478.out	0.000183	1	1769726	Bacteria;Proteobacteria;Betaproteobacteria;Rhodocyclales;Rhodocyclaceae;Niveibacterium;NA;
11478.out	0.000183	1	1775176	Bacteria;Proteobacteria;Gammaproteobacteria;Alteromonadales;Psychromonadaceae;Corallincola;NA;
11478.out	0.000183	1	1775716	Bacteria;Proteobacteria;Alphaproteobacteria;Hyphomicrobiales;Pleomorphomonadaceae;Methylobrevis;NA;
11478.out	0.000183	1	1780122	Bacteria;Firmicutes;Clostridia;Eubacteriales;Lachnospiraceae;Mobilisporobacter;NA;
11478.out	0.000183	1	1813600	Bacteria;Proteobacteria;Gammaproteobacteria;Chromatiales;Chromatiaceae;Candidatus Tenderia;NA;
11478.out	0.000183	1	1827307	Bacteria;Proteobacteria;Gammaproteobacteria;Pseudomonadales;Ventosimonadaceae;Ventosimonas;NA;
11478.out	0.000183	1	1848399	Bacteria;Firmicutes;Clostridia;Eubacteriales;Clostridiaceae;Crassaminicella;NA;
11478.out	0.000183	1	1857932	Bacteria;Proteobacteria;Gammaproteobacteria;Cellvibrionales;Halieaceae;Parahaliea;NA;
11478.out	0.000183	1	1884930	Bacteria;Firmicutes;Clostridia;Eubacteriales;Clostridiaceae;Maledivibacter;NA;
11478.out	0.000183	1	1890059	Bacteria;Firmicutes;Clostridia;Eubacteriales;Clostridiaceae;Serpentinicella;NA;
11478.out	0.000183	1	1903858	Bacteria;Proteobacteria;Alphaproteobacteria;Hyphomicrobiales;Rhizobiaceae;Pseudorhizobium;NA;
11478.out	0.000183	1	1906661	Bacteria;Proteobacteria;Gammaproteobacteria;Enterobacterales;Enterobacteriaceae;Candidatus Gullanella;NA;
11478.out	0.000183	1	1911549	Bacteria;Actinobacteria;Actinomycetia;Propionibacteriales;Propionibacteriaceae;Raineyella;NA;
11478.out	0.000183	1	1918385	Bacteria;Firmicutes;Clostridia;Eubacteriales;Oscillospiraceae;Acutalibacter;NA;
11478.out	0.000183	1	1928820	Bacteria;Firmicutes;Clostridia;Eubacteriales;Eubacteriaceae;Intestinibacillus;NA;
11478.out	0.000183	1	1929105	Bacteria;Firmicutes;Clostridia;Eubacteriales;Clostridiaceae;Anaeromicrobium;NA;
11478.out	0.000183	1	1935200	Bacteria;Firmicutes;Erysipelotrichia;Erysipelotrichales;Erysipelotrichaceae;Merdibacter;NA;
11478.out	0.000183	1	1935927	Bacteria;Firmicutes;Clostridia;Eubacteriales;Clostridiaceae;Massilioclostridium;NA;
11478.out	0.000183	1	1949218	Bacteria;Bacteroidetes;Cytophagia;Cytophagales;Spirosomaceae;Telluribacter;NA;
11478.out	0.000183	1	1980513	Bacteria;Proteobacteria;Gammaproteobacteria;Chromatiales;Chromatiaceae;Candidatus Nitrosoglobus;NA;
11478.out	0.000183	1	1987749	Bacteria;Firmicutes;Clostridia;Eubacteriales;Oscillospiraceae;Marasmitruncus;NA;
11478.out	0.000183	1	2023266	Bacteria;Firmicutes;Clostridia;Eubacteriales;Lachnospiraceae;Merdimonas;NA;
11478.out	0.000183	1	2047745	Bacteria;Proteobacteria;Alphaproteobacteria;Rhodobacterales;Rhodobacteraceae;Oceaniglobus;NA;
11478.out	0.000183	1	2070443	Bacteria;Proteobacteria;Gammaproteobacteria;Pasteurellales;Pasteurellaceae;Caviibacterium;NA;
11478.out	0.000183	1	2094023	Bacteria;Proteobacteria;Gammaproteobacteria;Pasteurellales;Pasteurellaceae;Glaesserella;NA;
11478.out	0.000183	1	2136116	Bacteria;Acidobacteria;Acidobacteriia;Acidobacteriales;Acidobacteriaceae;Candidatus Sulfotelmatobacter;NA;
11478.out	0.000183	1	2172004	Bacteria;Firmicutes;Clostridia;Eubacteriales;NA;Lawsonibacter;NA;
11478.out	0.000183	1	2172823	Bacteria;Proteobacteria;Gammaproteobacteria;Oceanospirillales;Hahellaceae;Sansalvadorimonas;NA;
11478.out	0.000183	1	2200736	Bacteria;Proteobacteria;Gammaproteobacteria;Alteromonadales;Alteromonadaceae;Planctobacterium;NA;
11478.out	0.000183	1	2249462	Bacteria;Proteobacteria;Betaproteobacteria;Nitrosomonadales;Gallionellaceae;Ferrigenium;NA;
11478.out	0.000183	1	2304687	Bacteria;Firmicutes;Clostridia;Eubacteriales;Oscillospiraceae;Petroclostridium;NA;
11478.out	0.000183	1	2304693	Bacteria;Firmicutes;Clostridia;Eubacteriales;Oscillospiraceae;Pseudoclostridium;NA;
11478.out	0.000183	1	2529408	Bacteria;Actinobacteria;Actinomycetia;Actinomycetales;Actinomycetaceae;Schaalia;NA;
11478.out	0.000183	1	2571159	Bacteria;Proteobacteria;Betaproteobacteria;Burkholderiales;Burkholderiaceae;Mycetohabitans;NA;
11478.out	0.000183	1	2571160	Bacteria;Proteobacteria;Betaproteobacteria;Burkholderiales;Burkholderiaceae;Trinickia;NA;
11478.out	0.000183	1	2608728	Bacteria;Acidobacteria;Acidobacteriia;Acidobacteriales;Acidobacteriaceae;Acidisarcina;NA;
11478.out	0.000183	1	2675229	Bacteria;Firmicutes;Bacilli;Bacillales;Bacillaceae;Peribacillus;NA;
11478.out	0.000183	1	2675231	Bacteria;Firmicutes;Bacilli;Bacillales;Bacillaceae;Mesobacillus;NA;
11478.out	0.000183	1	2676121	Bacteria;Actinobacteria;Actinomycetia;Micrococcales;Micrococcaceae;Galactobacter;NA;
11478.out	0.000183	1	2678248	Bacteria;Proteobacteria;Gammaproteobacteria;Enterobacterales;Enterobacteriaceae;Edaphovirga;NA;
11478.out	0.000183	1	2678352	Bacteria;Bacteroidetes;Bacteroidia;Marinilabiliales;Prolixibacteraceae;Maribellus;NA;
11478.out	0.000183	1	2679998	Bacteria;Bacteroidetes;Cytophagia;Cytophagales;Cytophagaceae;Arundinibacter;NA;
11478.out	0.000183	1	2709671	Bacteria;Proteobacteria;Betaproteobacteria;Burkholderiales;NA;Saezia;NA;
11478.out	0.000183	1	2719313	Bacteria;Firmicutes;Clostridia;Eubacteriales;Lachnospiraceae;Enterocloster;NA;
11478.out	0.000183	1	2759736	Bacteria;Firmicutes;Bacilli;Lactobacillales;Lactobacillaceae;Lacticaseibacillus;NA;
11478.out	0.000183	1	2767888	Bacteria;Firmicutes;Bacilli;Lactobacillales;Lactobacillaceae;Liquorilactobacillus;NA;
11478.out	0.000183	1	2767891	Bacteria;Firmicutes;Bacilli;Lactobacillales;Lactobacillaceae;Schleiferilactobacillus;NA;
11478.out	0.000183	1	2767893	Bacteria;Firmicutes;Bacilli;Lactobacillales;Lactobacillaceae;Lentilactobacillus;NA;
11478.out	0.000183	1	2795979	Bacteria;Planctomycetes;Planctomycetia;Pirellulales;Lacipirellulaceae;Posidoniimonas;NA;
11478.out	0.000183	1	2800681	Bacteria;Proteobacteria;Alphaproteobacteria;Sphingomonadales;Erythrobacteraceae;Aurantiacibacter;NA;
11478.out	0.000183	1	2802288	Bacteria;Proteobacteria;Gammaproteobacteria;Aeromonadales;Aeromonadaceae;Dongshaea;NA;
11478.out	0.000183	1	2811390	Bacteria;Firmicutes;Clostridia;Eubacteriales;Lachnospiraceae;Sporofaciens;NA;
11478.out	0.000183	1	2822655	Bacteria;Proteobacteria;Alphaproteobacteria;Hyphomicrobiales;Rhizobiaceae;Endobacterium;NA;
11478.out	0.000183	1	2824158	Bacteria;Proteobacteria;Gammaproteobacteria;Moraxellales;Moraxellaceae;Aquirhabdus;NA;
11478.out	0.000183	1	2828371	Bacteria;Proteobacteria;Betaproteobacteria;Burkholderiales;Comamonadaceae;Calidifontimicrobium;NA;
11478.out	0.000183	1	2837502	Bacteria;Firmicutes;Bacilli;Bacillales;Bacillaceae;Ectobacillus;NA;
11478.out	0.000183	1	2840454	Bacteria;Firmicutes;Clostridia;Eubacteriales;Peptococcaceae;Candidatus Formimonas;NA;
11478.out	0.000183	1	2853332	Bacteria;Proteobacteria;Alphaproteobacteria;Hyphomicrobiales;Rhizobiaceae;Peteryoungia;NA;
11478.out	0.000183	1	2867377	Bacteria;Firmicutes;Clostridia;Eubacteriales;Desulfallaceae;Desulfotruncus;NA;
11478.out	0.000183	1	2870408	Bacteria;Proteobacteria;Betaproteobacteria;Burkholderiales;Burkholderiaceae;Chitinasiproducens;NA;
11478.out	0.000183	1	2886866	Bacteria;Firmicutes;Clostridia;Eubacteriales;Eubacteriales Family XIII. Incertae Sedis;Sinanaerobacter;NA;
11478.out	0.000183	1	2891325	Bacteria;Proteobacteria;Betaproteobacteria;Rhodocyclales;Zoogloeaceae;Cognatazoarcus;NA;
11478.out	0.000183	1	2893205	Bacteria;Proteobacteria;Alphaproteobacteria;Rhodobacterales;Rhodobacteraceae;Fuscibacter;NA;
11478.out	0.000183	1	2894762	Bacteria;Proteobacteria;Gammaproteobacteria;Orbales;Orbaceae;Zophobihabitans;NA;
11478.out	0.000183	1	2899790	Bacteria;Proteobacteria;Gammaproteobacteria;Pasteurellales;Pasteurellaceae;Mergibacter;NA;
11478.out	0.000183	1	2901261	Bacteria;Proteobacteria;Gammaproteobacteria;Pseudomonadales;Pseudomonadaceae;Denitrificimonas;NA;
11478.out	0.000183	1	2901416	Bacteria;Proteobacteria;Gammaproteobacteria;Pseudomonadales;Pseudomonadaceae;Atopomonas;NA;
11478.out	0.000183	1	2905722	Bacteria;Proteobacteria;Deltaproteobacteria;Desulfovibrionales;Desulfovibrionaceae;Oceanidesulfovibrio;NA;
11478.out	0.000183	1	2919468	Bacteria;Proteobacteria;Betaproteobacteria;Burkholderiales;Comamonadaceae;Vandammella;NA;
11478.out	2.784215	15233	10239	Viruses
11478.out	32.937382	180207	NA	cannot be assigned to a (non-viral) genus
11478.out	11.822269	64682	NA	unclassified
